jahr	woche	altersgruppe	tote100kWeighted	baseline	excess
2020	01	0-30	0.16881765884879382	0.189138676940049	-0.10743978132878818
2020	01	30-35	0.07858663607991848	0.05615400014998153	0.39948420183818945
2020	01	35-40	0.09139893205850977	0.07986050493668526	0.14448227106718603
2020	01	40-45	0.18547811189504115	0.19269469359497632	-0.037450858481363536
2020	01	45-50	0.35063155687052455	0.3606280424332175	-0.027719656783329993
2020	01	50-55	0.46881747674136115	0.5346601749521188	-0.12314868639066712
2020	01	55-60	0.7235668331182439	0.749554658968479	-0.03467102170507341
2020	01	60-65	0.9910744273316355	1.0574410916217274	-0.0627615711323547
2020	01	65-70	1.3100479794182773	1.3737493520802215	-0.046370447829863104
2020	01	70-75	2.188650623507146	2.658763809125464	-0.1768164528209636
2020	01	75-80	2.863219711633239	2.7565090051572425	0.038712264779961814
2020	01	80-85	3.09502988195372	3.3790820937470514	-0.08406194460885286
2020	01	85	7.007911449023757	7.71150026931983	-0.09123890238262689
2020	02	0-30	0.16635316747873843	0.18547265216930153	-0.1030851959409661
2020	02	30-35	0.05947096784426262	0.0662162601842716	-0.10186761259602506
2020	02	35-40	0.10923287002114583	0.08246632478999362	0.3245754591260752
2020	02	40-45	0.17300899512898799	0.191358818544544	-0.09589222777984807
2020	02	45-50	0.3419953116274082	0.35365495905571753	-0.032968991752416965
2020	02	50-55	0.5178519577270647	0.5196628597325875	-0.0034847631913789145
2020	02	55-60	0.7086990214788279	0.7557843975487243	-0.06230001072079672
2020	02	60-65	1.0082140664614807	1.0797874131810743	-0.06628466478298456
2020	02	65-70	1.3427991789037343	1.3885750891586142	-0.03296610360669583
2020	02	70-75	2.4013504728338964	2.7083043058859007	-0.11333801463332904
2020	02	75-80	2.9272155164462337	2.8209824434741764	0.037658182956015196
2020	02	80-85	3.159263161863191	3.4898823902696714	-0.09473649579948529
2020	02	85	7.196676740579951	7.853441232115486	-0.08362760630967658
2020	03	0-30	0.16019193905359996	0.17842970760761373	-0.10221262366309869
2020	03	30-35	0.0658428572561479	0.05531138869911656	0.19040325699144045
2020	03	35-40	0.08805506869051552	0.07737428606641994	0.1380404675388791
2020	03	40-45	0.15898123876717812	0.1741695088516723	-0.08720395541465831
2020	03	45-50	0.328177319238422	0.3731737613289269	-0.12057772210528916
2020	03	50-55	0.5369873649409979	0.5269648147761431	0.019019391587107082
2020	03	55-60	0.7166285210198498	0.7470314145611087	-0.04069827981614538
2020	03	60-65	1.0112387086608652	1.0527441439653888	-0.03942594745593597
2020	03	65-70	1.3301212952319446	1.3943566946581663	-0.04606812566132468
2020	03	70-75	2.2487614504907927	2.6953262533314057	-0.16568116838867353
2020	03	75-80	2.8727005716055345	2.8627785276468254	0.003465878992345628
2020	03	80-85	3.127991696644106	3.4442365157045245	-0.09181855474165368
2020	03	85	6.957888646761365	7.826583036513677	-0.11099280307888593
2020	04	0-30	0.14417274514823997	0.19277277771295634	-0.25211045429393086
2020	04	30-35	0.0499131337264347	0.061411353585956105	-0.187232802863197
2020	04	35-40	0.08694044756785076	0.07554984880092278	0.15076931254942316
2020	04	40-45	0.17300899512898799	0.17826236583721233	-0.02946988100125225
2020	04	45-50	0.30226858350907293	0.3557921562869558	-0.15043494307590832
2020	04	50-55	0.5286156242849022	0.5130623402154513	0.03031460867488267
2020	04	55-60	0.6700427112163464	0.7589081516340094	-0.11709643680375059
2020	04	60-65	0.9557869350054836	1.0913703610892598	-0.12423227798531644
2020	04	65-70	1.4040756166507184	1.392869549015312	0.008045310232626335
2020	04	70-75	2.345863555618222	2.762458302013375	-0.1508058044139613
2020	04	75-80	2.9651389563354154	2.8874750921167895	0.02689680836751074
2020	04	80-85	3.0848877851259084	3.5756406180789133	-0.13724892554125645
2020	04	85	6.823865289756465	8.129258928090852	-0.16057966044402494
2020	05	0-30	0.19715930960443073	0.19499859408717773	0.011080672285703752
2020	05	30-35	0.04354124431454942	0.057778691707460375	-0.24641346095194838
2020	05	35-40	0.08805506869051552	0.07480840701518834	0.17707450544479197
2020	05	40-45	0.18236083270352788	0.19294386240079214	-0.05485030498291099
2020	05	45-50	0.33335906638429186	0.3757806535404914	-0.11288922608579288
2020	05	50-55	0.5441631426462228	0.5332982452276902	0.020373023004967683
2020	05	55-60	0.715637333577222	0.7892946276590382	-0.09332040470144298
2020	05	60-65	0.996115497663943	1.067462795500006	-0.06683820563754961
2020	05	65-70	1.512894118166914	1.4421424168074641	0.04906013479311988
2020	05	70-75	2.29345924491453	2.803237630769024	-0.18185343270903664
2020	05	75-80	3.094315673457942	2.9886665769072245	0.03534991068158777
2020	05	80-85	3.3223818858438214	3.6543428774625553	-0.09084013261755985
2020	05	85	7.132496541450846	8.28785380623521	-0.13940367335089254
2020	06	0-30	0.1860690984391815	0.20012204988850874	-0.07022190436864084
2020	06	30-35	0.054161060001024885	0.06144271089509827	-0.11851122432578565
2020	06	35-40	0.08582582644518601	0.08826406727510795	-0.027624387876011403
2020	06	40-45	0.17924355351201457	0.18205207344649474	-0.015427014267462291
2020	06	45-50	0.3195410739953057	0.35534627798971163	-0.10076144373022711
2020	06	50-55	0.509480217070969	0.5434455904939892	-0.06250004419420507
2020	06	55-60	0.7443817694134262	0.771014413057402	-0.034542342131278825
2020	06	60-65	0.9588115772048682	1.1084113513340135	-0.13496773914223859
2020	06	65-70	1.3840023008370512	1.4306930682494188	-0.032635069288130314
2020	06	70-75	2.328909219802322	2.8765113244976357	-0.19037022383040636
2020	06	75-80	2.9864708912730804	3.0000907471687963	-0.004539814640130202
2020	06	80-85	3.055306669378126	3.695111730660268	-0.17314904336270698
2020	06	85	6.960720126134707	8.451638873147761	-0.17640587457539703
2020	07	0-30	0.1885335898092369	0.1918395920226746	-0.01723315911267642
2020	07	30-35	0.04354124431454942	0.06054713305247854	-0.28087025562695855
2020	07	35-40	0.08025272083186223	0.08547951743195084	-0.06114677243293509
2020	07	40-45	0.199505868256851	0.20484041736220227	-0.026042463562836016
2020	07	45-50	0.34372256067603146	0.36255305899981316	-0.05193860003755035
2020	07	50-55	0.48675692100442347	0.5374274373155942	-0.09428345631973267
2020	07	55-60	0.7314963326592657	0.7793718010051635	-0.061428278883265075
2020	07	60-65	1.0314029899900947	1.1315680031312372	-0.08851877471258396
2020	07	65-70	1.4114710487925957	1.4804331180705763	-0.046582360551253976
2020	07	70-75	2.322744006778358	2.9025484713938026	-0.19975703087467223
2020	07	75-80	3.1061667484233113	3.055099173596067	0.016715521142030232
2020	07	80-85	3.287729721682133	3.802792145303157	-0.13544322275336018
2020	07	85	7.109844706464102	8.627150820045319	-0.1758756912022139
2020	08	0-30	0.18976583549426457	0.1866941359139991	0.01645311228029378
2020	08	30-35	0.04778917058913961	0.05701208035541063	-0.16177114935599324
2020	08	35-40	0.1003159010398278	0.08531458689221484	0.17583527851533054
2020	08	40-45	0.15586395957566485	0.1850537389660462	-0.15773677178031575
2020	08	45-50	0.3419953116274082	0.3815218663619292	-0.10360233113617734
2020	08	50-55	0.4903448098570359	0.5482449120458666	-0.10560992161836369
2020	08	55-60	0.66409558656058	0.7875394122803578	-0.15674621967469593
2020	08	60-65	1.0263619196577873	1.1441251674216646	-0.10292864025468629
2020	08	65-70	1.45161768041993	1.497350694460946	-0.030542620516485153
2020	08	70-75	2.302707064450476	2.9797164337165754	-0.22720597222121275
2020	08	75-80	2.8916622915501256	3.043208173268357	-0.04979806608348891
2020	08	80-85	3.2023670733813883	3.8346971226544992	-0.16489699943639669
2020	08	85	6.768179528747388	8.877845395936525	-0.23763264318105282
2020	09	0-30	0.1749788872739323	0.19304016217713954	-0.09356226548666935
2020	09	30-35	0.05840898627561508	0.06242263199203764	-0.06429792510085952
2020	09	35-40	0.081367341954527	0.08533834714340638	-0.046532483013835835
2020	09	40-45	0.16521579715020476	0.20292891972329308	-0.18584400205013973
2020	09	45-50	0.34890430782190124	0.39246135010840694	-0.11098428488429302
2020	09	50-55	0.4592497731343946	0.5516722597169701	-0.16753150979531206
2020	09	55-60	0.7106813963640833	0.7868195113475336	-0.09676693814195525
2020	09	60-65	1.0475344150534784	1.1511598930864342	-0.09001831861525345
2020	09	65-70	1.3734373977772263	1.499390990014721	-0.08400316733679869
2020	09	70-75	2.3165787937543945	2.9741663385214685	-0.2210997872748358
2020	09	75-80	3.001877288728061	3.1206967904619956	-0.038074670406010314
2020	09	80-85	3.296181469038642	3.885587117902336	-0.15169024164921807
2020	09	85	7.126833582704159	8.806558993723645	-0.19073572461350807
2020	10	0-30	0.20701727508465229	0.18938531914300888	0.09310096485530184
2020	10	30-35	0.05628502313831998	0.05598468535368434	0.005364641825496452
2020	10	35-40	0.0791380997091975	0.09142601775993792	-0.134402857652681
2020	10	40-45	0.17300899512898799	0.19047447334892745	-0.09169458727387947
2020	10	45-50	0.2849960930228402	0.36586214240816417	-0.22102874282933593
2020	10	50-55	0.48556095805355265	0.5597092469511489	-0.1324764407618727
2020	10	55-60	0.7305051452166379	0.7918582337232674	-0.0774798895733535
2020	10	60-65	1.0051894242620962	1.1283864758212485	-0.10917983704961409
2020	10	65-70	1.427318403382333	1.4911532928135476	-0.04280907250707222
2020	10	70-75	2.330450523058313	2.8902495489804467	-0.19368536053214025
2020	10	75-80	2.9449921288942877	3.0164843080811967	-0.02370049762744686
2020	10	80-85	3.2141995196805015	3.783878352990758	-0.15055421452964657
2020	10	85	7.36939698235387	8.658225010482324	-0.14885591753137595
2020	11	0-30	0.16635316747873843	0.2001017922615033	-0.16865728388209744
2020	11	30-35	0.04778917058913961	0.06522206209189663	-0.26728519374616533
2020	11	35-40	0.09251355318117453	0.08167167275388434	0.13274958209760124
2020	11	40-45	0.18391947229928451	0.1881770535377139	-0.022625400697838582
2020	11	45-50	0.33163181733566854	0.3706240569414672	-0.10520698501758818
2020	11	50-55	0.49632462461139	0.530998437394869	-0.06529927461480323
2020	11	55-60	0.689866460068901	0.7914827183402627	-0.1283872103795909
2020	11	60-65	1.044509772854094	1.0796495071125563	-0.032547353587407235
2020	11	65-70	1.4590131125618073	1.435298290404086	0.016522573959901088
2020	11	70-75	2.459919996561552	2.772880937038477	-0.11286490389709147
2020	11	75-80	3.0113581487003565	2.983695933770189	0.009271123983204843
2020	11	80-85	3.349427477384651	3.6663313931244197	-0.08643624423424134
2020	11	85	7.218384749108914	8.137441581844794	-0.11294174262170564
2020	12	0-30	0.17374664158890457	0.18620781988272578	-0.06692081085353607
2020	12	30-35	0.06053294941291017	0.0520320511690708	0.16337811123795398
2020	12	35-40	0.07467961521853847	0.08253884895731209	-0.09521860115638758
2020	12	40-45	0.15898123876717812	0.17823488176282018	-0.10802398949753933
2020	12	45-50	0.40244902832922275	0.3466959693926027	0.16081253853137412
2020	12	50-55	0.5190479206779356	0.516138175302728	0.00563753179756743
2020	12	55-60	0.6849105228557623	0.7685249938785823	-0.10879863594394712
2020	12	60-65	1.0455179869205555	1.0628888425468395	-0.016343059528841075
2020	12	65-70	1.480142918681457	1.395642205904233	0.060546114483888136
2020	12	70-75	2.405974382601869	2.712395817657785	-0.1129707666783375
2020	12	75-80	3.0599475560583707	2.8138736338973707	0.08745023912824901
2020	12	80-85	3.218425393358756	3.4642325313886495	-0.0709557270774086
2020	12	85	7.180631690797675	7.780694994870842	-0.07712207000386706
2020	13	0-30	0.16142418473862769	0.19157149556760913	-0.15736845786821085
2020	13	30-35	0.04672718902049206	0.06404848282924501	-0.27044034524489813
2020	13	35-40	0.09028431093584502	0.08522200889013101	0.05940134610345038
2020	13	40-45	0.17612627432050126	0.18793019912057599	-0.06281015427702141
2020	13	45-50	0.3143593268494358	0.34153256992526304	-0.07956266976755255
2020	13	50-55	0.5214398465796772	0.5093700528705921	0.02369553066786101
2020	13	55-60	0.741408207085543	0.7304054521474316	0.015063900338863512
2020	13	60-65	0.9779676444676363	1.0110041230080142	-0.03267689793597017
2020	13	65-70	1.4368268161361752	1.369854366291836	0.04889019701096542
2020	13	70-75	2.4028917760898874	2.627923388003714	-0.08563096357415911
2020	13	75-80	2.968694278825027	2.7815754542905227	0.06727080663797103
2020	13	80-85	3.343511254235094	3.368653824427464	-0.007463684754441369
2020	13	85	7.16647429393096	7.461333144006129	-0.03951825288916855
2020	14	0-30	0.16635316747873843	0.182313427292087	-0.08754297503155595
2020	14	30-35	0.055223041569672435	0.05465126630569589	0.010462250971062126
2020	14	35-40	0.09920127991716304	0.07932388490250677	0.2505852435125515
2020	14	40-45	0.20106450785260763	0.17379832654881766	0.15688402670627122
2020	14	45-50	0.3696312964053806	0.33937548981140564	0.08915141930487791
2020	14	50-55	0.4927367357587775	0.5040638975905415	-0.022471678463600653
2020	14	55-60	0.7176197084624775	0.7474908514202613	-0.0399618843508619
2020	14	60-65	1.0102304945944038	1.0427768789134884	-0.03121126386403572
2020	14	65-70	1.478029938069492	1.3608672985116896	0.08609409579165939
2020	14	70-75	2.503076487729299	2.5825158812450946	-0.03076046660262788
2020	14	75-80	3.2720817979384824	2.6783877489700827	0.22166097839892385
2020	14	80-85	3.4314094267427917	3.240019297342248	0.05907067576959779
2020	14	85	7.608185076172458	7.229509969697284	0.05237908351498266
2020	15	0-30	0.1564952019985169	0.17037691874833322	-0.08147651015054003
2020	15	30-35	0.04672718902049206	0.06427749381238415	-0.27303965588824386
2020	15	35-40	0.08916968981318027	0.08144337136467701	0.09486737003932832
2020	15	40-45	0.17612627432050126	0.17413340730646337	0.011444484116310827
2020	15	45-50	0.34372256067603146	0.33059784580803975	0.039699940681442
2020	15	50-55	0.522635809530548	0.5012783290004206	0.04260603200763846
2020	15	55-60	0.7305051452166379	0.7284741019328643	0.002788078915070047
2020	15	60-65	1.02132084932548	1.014515829860899	0.006707652324670077
2020	15	65-70	1.4938772926592292	1.305536598065013	0.14426305235208514
2020	15	70-75	2.4090569891138514	2.5245057962787714	-0.04573125058183525
2020	15	75-80	3.091945458464868	2.669833146478294	0.15810437912323128
2020	15	80-85	3.481274736146197	3.168734061077289	0.09863266182793895
2020	15	85	7.5949715057635245	6.97352700689486	0.08911480492643542
2020	16	0-30	0.1725143959038769	0.19841708731653232	-0.13054667701745448
2020	16	30-35	0.0658428572561479	0.05820086613560188	0.13130373528704853
2020	16	35-40	0.08582582644518601	0.08203848984048526	0.04616536228378654
2020	16	40-45	0.20106450785260763	0.15906469601203804	0.26404232298907493
2020	16	45-50	0.3143593268494358	0.3411872143940876	-0.0786309873665556
2020	16	50-55	0.5023044393657441	0.48481382672330503	0.03607696744264133
2020	16	55-60	0.6571572744621859	0.7282151733822367	-0.09757816304488465
2020	16	60-65	0.9487294365402534	0.9761803956206215	-0.028120785055220976
2020	16	65-70	1.3554770625755241	1.2943662050070803	0.0472129582277756
2020	16	70-75	2.348946162130204	2.472181939987929	-0.04984899204397808
2020	16	75-80	2.987655998769618	2.563458049663586	0.1654787950057155
2020	16	80-85	3.236174062807426	3.1036115605168413	0.04271233680690023
2020	16	85	7.06926016877952	6.695557285523805	0.055813559248262035
2020	17	0-30	0.16758541316376613	0.1769415544755575	-0.05287701546153101
2020	17	30-35	0.055223041569672435	0.06201773194969018	-0.10956044612417803
2020	17	35-40	0.07690885746386798	0.07830549562725404	-0.017835761745692347
2020	17	40-45	0.17612627432050126	0.16907178401553785	0.041724823252087484
2020	17	45-50	0.33163181733566854	0.3292698337836587	0.007173397954097771
2020	17	50-55	0.4532699583800405	0.4820171969816028	-0.05963944602304194
2020	17	55-60	0.6650867740032076	0.7006393228801875	-0.050743011012899686
2020	17	60-65	0.9930908554645586	1.0161847612547938	-0.02272608945810084
2020	17	65-70	1.31110446972426	1.2706827031726673	0.031811062235022725
2020	17	70-75	2.319661400266376	2.5114843468500783	-0.07637831660160976
2020	17	75-80	2.8039643368063922	2.54580582471241	0.10140542125719487
2020	17	80-85	3.1339079197936632	3.0914716198214087	0.013726892946442693
2020	17	85	6.738920908556178	6.65817269033042	0.012127684573731035
2020	18	0-30	0.15526295631348921	0.1796104182454925	-0.1355570694052115
2020	18	30-35	0.05734700470696753	0.05442718668468181	0.05364631538281395
2020	18	35-40	0.09474279542650405	0.0808600381638265	0.1716887300318901
2020	18	40-45	0.16521579715020476	0.17001099559685628	-0.028205225372729847
2020	18	45-50	0.34372256067603146	0.33243611895882563	0.033950708342265656
2020	18	50-55	0.410215292148691	0.4874157980614073	-0.15838736909998585
2020	18	55-60	0.7116725838067111	0.7198816774856146	-0.011403392995882444
2020	18	60-65	0.9557869350054836	0.9787946643412887	-0.023506185897824494
2020	18	65-70	1.2677883671789782	1.2786237051572193	-0.008474219533501248
2020	18	70-75	2.231807114674892	2.348061174313587	-0.0495106605017136
2020	18	75-80	2.71982170455227	2.4961478613609094	0.089607609650741
2020	18	80-85	3.0392483494007583	3.0003886287040835	0.012951562449248
2020	18	85	6.419907565826207	6.536741559963538	-0.017873430219869868
2020	19	0-30	0.15156621925840613	0.1769501579858269	-0.14345247846262976
2020	19	30-35	0.04566520745184451	0.05826603378368796	-0.2162636705052532
2020	19	35-40	0.07690885746386798	0.0976430544272204	-0.21234686977973372
2020	19	40-45	0.18859539108655446	0.20578850019739953	-0.08354747274193086
2020	19	45-50	0.31781382494668237	0.32258841673453953	-0.014800877961424819
2020	19	50-55	0.48675692100442347	0.4774889668627515	0.01940977652858722
2020	19	55-60	0.6799545856426237	0.7175188516737776	-0.05235300221524031
2020	19	60-65	0.9688937178694831	0.9918943322459374	-0.02318857324688428
2020	19	65-70	1.3206128824781023	1.2936254741799382	0.02086184049156281
2020	19	70-75	2.111585460707598	2.460758867780183	-0.14189663670198194
2020	19	75-80	2.626198212325852	2.5198362652048507	0.042209864422422916
2020	19	80-85	2.9243045853522314	3.09827308970348	-0.056150151815022364
2020	19	85	6.381210681057187	6.51582777388072	-0.020660013968318514
2020	20	0-30	0.16388867610868305	0.17546438251485427	-0.06597182995353068
2020	20	30-35	0.05628502313831998	0.053909849859102764	0.0440582432602743
2020	20	35-40	0.07802347858653273	0.0805123215591578	-0.030912572441428754
2020	20	40-45	0.19794722866109438	0.16365334412049876	0.2095519937273318
2020	20	45-50	0.3143593268494358	0.31512128042801485	-0.0024179692896149074
2020	20	50-55	0.48675692100442347	0.4897286474937365	-0.006068108338201816
2020	20	55-60	0.6809457730852514	0.6877773069587635	-0.009932770105079536
2020	20	60-65	0.9194912286128704	0.9582352282976844	-0.04043266052078165
2020	20	65-70	1.2857487023806802	1.2881633297304156	-0.0018744729755975076
2020	20	70-75	2.1901919267631365	2.348118368998332	-0.06725659333032863
2020	20	75-80	2.5811641274574484	2.441922783847743	0.057021190240218234
2020	20	80-85	2.774708657142016	3.0226659522372854	-0.08203264899706797
2020	20	85	5.975365304211367	6.382837641322792	-0.06383874383290422
2020	21	0-30	0.19469481823437534	0.18474304147616258	0.05386820893872124
2020	21	30-35	0.03292142862807395	0.06062722686542504	-0.4569860716019549
2020	21	35-40	0.081367341954527	0.08393902897794234	-0.030637559842288997
2020	21	40-45	0.17300899512898799	0.1630592845832465	0.06101897583551508
2020	21	45-50	0.3419953116274082	0.3155406214594686	0.08383925355023658
2020	21	50-55	0.46881747674136115	0.4880806092999985	-0.0394671129964872
2020	21	55-60	0.6561660870195581	0.6938031278159014	-0.054247436033943774
2020	21	60-65	0.9194912286128704	0.9502918681601702	-0.032411767983379636
2020	21	65-70	1.3037090375823825	1.2512545053303128	0.041921553152148405
2020	21	70-75	2.1393289193154352	2.3139044270718907	-0.07544629143450421
2020	21	75-80	2.5171683226444537	2.4041712088989393	0.047000443781732404
2020	21	80-85	2.7941476760619874	2.96144984654662	-0.05649333237222487
2020	21	85	6.204715133452145	6.257847984349929	-0.008490594694959386
2020	22	0-30	0.15279846494343383	0.17695874291873387	-0.1365305696503244
2020	22	30-35	0.04778917058913961	0.054786298160304746	-0.1277167431661751
2020	22	35-40	0.11480597563446959	0.077153079216653	0.4880284338630707
2020	22	40-45	0.1480707615968816	0.16931999586220076	-0.12549748868770716
2020	22	45-50	0.28845059112008675	0.33838031725143275	-0.14755505443375372
2020	22	50-55	0.46283766198700704	0.5003949997750547	-0.07505538185819416
2020	22	55-60	0.6878840851836454	0.7097541407538561	-0.030813565310068847
2020	22	60-65	0.9880497851322511	0.978430803845242	0.009831028672857123
2020	22	65-70	1.2709578380969255	1.2581343227837023	0.010192485079693503
2020	22	70-75	2.0776767890757974	2.338845117569794	-0.11166550813136644
2020	22	75-80	2.5112427851617687	2.4687597832586374	0.017208236374887775
2020	22	80-85	2.7189271245890545	2.976855877464453	-0.08664468939460057
2020	22	85	5.940443725273471	6.410555307566807	-0.07333398742203068
2020	23	0-30	0.1564952019985169	0.20011503359430954	-0.21797378643836685
2020	23	30-35	0.050975115295082245	0.062194127987023284	-0.18038700846938271
2020	23	35-40	0.08471120532252126	0.07790908873839604	0.08730838332566604
2020	23	40-45	0.16521579715020476	0.18255301390327122	-0.094970860148345
2020	23	45-50	0.3143593268494358	0.33398091590228474	-0.058750629507794305
2020	23	50-55	0.48436499510268183	0.49626355164840313	-0.02397628539552965
2020	23	55-60	0.6581484619048136	0.6898234619092743	-0.045917545217716405
2020	23	60-65	0.9174748004799474	0.9646413211710888	-0.04889539734196802
2020	23	65-70	1.278353270238803	1.2449322320004215	0.02684566868726579
2020	23	70-75	2.1347050095474627	2.273242167374229	-0.0609425426886161
2020	23	75-80	2.520723645134064	2.422904479971197	0.04037268739708222
2020	23	80-85	2.8211932676028173	2.903408362962677	-0.02831675227247965
2020	23	85	6.3085360438080516	6.191190647598466	0.018953607292823804
2020	24	0-30	0.1848368527541538	0.1742640098896318	0.06067140811931382
2020	24	30-35	0.050975115295082245	0.05461624829534204	-0.06666757812748425
2020	24	35-40	0.07467961521853847	0.07475552611175824	-0.0010154552735845979
2020	24	40-45	0.18547811189504115	0.16181271227024913	0.14625179500895835
2020	24	45-50	0.3109048287521893	0.30997241590209856	0.00300805104666213
2020	24	50-55	0.4413103288713323	0.48657178717712435	-0.09302113171908122
2020	24	55-60	0.649227774921164	0.6834597916132269	-0.05008636515582321
2020	24	60-65	0.9265487270781008	0.9453978255097452	-0.019937742528105762
2020	24	65-70	1.221302793715749	1.2234030855172142	-0.001716761896654262
2020	24	70-75	2.054557240235933	2.2242489553453173	-0.07629169149504655
2020	24	75-80	2.4318405828937943	2.3473138895792665	0.03600996598272532
2020	24	80-85	2.7687924339924592	2.8160193586462228	-0.016770809656815544
2020	24	85	5.924398675491195	5.971657051296491	-0.007913779274219435
2020	25	0-30	0.1848368527541538	0.18548742499865847	-0.0035073657662204605
2020	25	30-35	0.06053294941291017	0.058713549860688864	0.030987728668054215
2020	25	35-40	0.08025272083186223	0.0872988517269941	-0.08071275573207914
2020	25	40-45	0.15742259917142148	0.17270279724249732	-0.0884768418059867
2020	25	45-50	0.33163181733566854	0.35052000668039524	-0.053886194752783334
2020	25	50-55	0.44489821772394483	0.4897275439816603	-0.0915393197883807
2020	25	55-60	0.6740074609868573	0.691010694258914	-0.024606324349715325
2020	25	60-65	0.9124337301476401	1.000565480345708	-0.08808194159128624
2020	25	65-70	1.2646188962610307	1.2562520362402556	0.006660176285815833
2020	25	70-75	2.117750673731562	2.3566739125306513	-0.10138154350871897
2020	25	75-80	2.4436916578591634	2.4059426356200695	0.015689909509985167
2020	25	80-85	2.6648359415073943	2.9562232271275763	-0.09856741633929633
2020	25	85	5.744127822055027	6.12418203774168	-0.06205795538807979
2020	26	0-30	0.16635316747873843	0.19743192154094438	-0.15741504119312688
2020	26	30-35	0.04247926274590187	0.05940692030597021	-0.284944203013452
2020	26	35-40	0.081367341954527	0.08832913421592956	-0.07881648929540908
2020	26	40-45	0.17612627432050126	0.16827934171749595	0.046630397545639246
2020	26	45-50	0.31781382494668237	0.33968588043806797	-0.06438906281055545
2020	26	50-55	0.4664255508396195	0.4738294673220265	-0.015625698680692524
2020	26	55-60	0.6809457730852514	0.7120421233391813	-0.04367206550660363
2020	26	60-65	0.9225158708122548	1.0112689289880739	-0.08776405131385745
2020	26	65-70	1.3079349988063125	1.2884080960718811	0.015155836721272742
2020	26	70-75	2.2009810495550735	2.3753123240119716	-0.07339299034261204
2020	26	75-80	2.582349234953985	2.483046106454501	0.039992462581082355
2020	26	80-85	2.797528375004591	3.0958968315281874	-0.09637545201282316
2020	26	85	6.2301984478122305	6.50565973139948	-0.04234179083448519
2020	27	0-30	0.15526295631348921	0.18889260422855308	-0.17803581062587948
2020	27	30-35	0.08177258078586111	0.059783734084769016	0.36780651188354163
2020	27	35-40	0.08582582644518601	0.07972418229982788	0.07653442116735643
2020	27	40-45	0.16989171593747468	0.17649825538906377	-0.03743118841048021
2020	27	45-50	0.3264500701897987	0.3272182920443168	-0.0023477350539254926
2020	27	50-55	0.43891840296959067	0.4904114965880558	-0.10499976851423443
2020	27	55-60	0.6958135847246674	0.7176724453945635	-0.030457990703375182
2020	27	60-65	0.9527622928060993	0.962104294300264	-0.009709967567455013
2020	27	65-70	1.2403196192234336	1.255774142227178	-0.012306769572699605
2020	27	70-75	2.1054202476836346	2.396616770463602	-0.12150316494849467
2020	27	75-80	2.483985312741419	2.4232156640346534	0.025078101635239713
2020	27	80-85	2.6369451752309137	2.95031179803428	-0.10621474754368498
2020	27	85	5.76583583058399	6.29137462768613	-0.08353322257896201
2020	28	0-30	0.18730134412420918	0.17132410807255982	0.09325737183982663
2020	28	30-35	0.054161060001024885	0.05539418238307483	-0.022260864390458268
2020	28	35-40	0.08582582644518601	0.07649537547096252	0.12197405289899255
2020	28	40-45	0.1543053199799082	0.16432765276863398	-0.06098993455980761
2020	28	45-50	0.31263207780081254	0.3124051596173779	0.0007263586290078283
2020	28	50-55	0.4532699583800405	0.46978315158624995	-0.03515067143308925
2020	28	55-60	0.6412982753801422	0.6885412479049726	-0.06861313344491249
2020	28	60-65	0.8801708800208726	0.9604555510077708	-0.08359019936181156
2020	28	65-70	1.2392631289174512	1.2418963964469558	-0.0021203600695182123
2020	28	70-75	1.9235464634767028	2.2813327766057396	-0.15683214513814425
2020	28	75-80	2.417619292935351	2.339575853533277	0.03335794361367306
2020	28	80-85	2.6944170572551775	2.8824871100651492	-0.06524575674710331
2020	28	85	5.695048846250416	6.087080701396674	-0.06440391944471946
2020	29	0-30	0.16388867610868305	0.18303834263559154	-0.10462106600819321
2020	29	30-35	0.06053294941291017	0.05359454198604561	0.12946108259813305
2020	29	35-40	0.07022113072787946	0.07848776579573616	-0.10532386779068925
2020	29	40-45	0.16521579715020476	0.16885694964389192	-0.021563533519740274
2020	29	45-50	0.30572308160631945	0.33003701352307696	-0.07367031854158212
2020	29	50-55	0.47240536559397367	0.46457630105640746	0.01685205319290617
2020	29	55-60	0.6611220242326967	0.7029679546752761	-0.05952750785334071
2020	29	60-65	0.9245322989451777	0.9829685051809719	-0.059448706573803856
2020	29	65-70	1.2329241870815562	1.3048077897146986	-0.05509133467762328
2020	29	70-75	2.06534636302787	2.345281601893912	-0.11936103478575144
2020	29	75-80	2.6096067073743345	2.414667999756957	0.08073106018591325
2020	29	80-85	2.6715973393926022	2.9706739303223455	-0.10067634413760473
2020	29	85	5.806420368268572	6.337881337420677	-0.08385467332974594
2020	30	0-30	0.16881765884879382	0.19306386878944834	-0.12558647090563047
2020	30	30-35	0.052037096863729794	0.06187541064454917	-0.15900199575784257
2020	30	35-40	0.09251355318117453	0.08670575304888771	0.06698286939520814
2020	30	40-45	0.1636571575544481	0.1694625869402686	-0.034257882466215306
2020	30	45-50	0.29881408541182636	0.32497082821232415	-0.08048951022584683
2020	30	50-55	0.4437022547730739	0.47588507146781156	-0.06762728781441607
2020	30	55-60	0.6403070879375143	0.6847844673476435	-0.0649509174505698
2020	30	60-65	0.9567951490719452	0.9757787579151737	-0.01945482896531625
2020	30	65-70	1.31110446972426	1.3032310036413757	0.00604149691105027
2020	30	70-75	2.040685510932015	2.4091772904193327	-0.15295336750546062
2020	30	75-80	2.4970214952033256	2.477390010445575	0.00792426088543885
2020	30	80-85	2.8321805391662793	3.1075418570204936	-0.088610654505626
2020	30	85	5.994241833366987	6.509106273772844	-0.07909909882411992
2020	31	0-30	0.18114011569907074	0.18036367705021644	0.0043048504086447
2020	31	30-35	0.0499131337264347	0.05954140389863779	-0.16170714060746838
2020	31	35-40	0.08471120532252126	0.08508682083746988	-0.0044144969955582924
2020	31	40-45	0.15274668038415154	0.1776682393470011	-0.14027019716323996
2020	31	45-50	0.30917757970356596	0.3288112648314222	-0.059711108553176295
2020	31	50-55	0.48077710625006936	0.4968355036391695	-0.03232135640765854
2020	31	55-60	0.6700427112163464	0.7040510205449088	-0.04830375688148458
2020	31	60-65	0.9729265741353288	0.9818575487091362	-0.009095998279535666
2020	31	65-70	1.2677883671789782	1.3283402785146436	-0.04558463845075511
2020	31	70-75	2.160907164899309	2.3746040641320105	-0.08999264444147004
2020	31	75-80	2.584719449947059	2.474003616577659	0.044751686144483216
2020	31	80-85	2.818657743395865	3.0576548066905156	-0.07816352021545936
2020	31	85	6.347232928577071	6.627257329701658	-0.04225343716013408
2020	32	0-30	0.1564952019985169	0.1862217501698441	-0.15962983993123792
2020	32	30-35	0.04354124431454942	0.06072508912509371	-0.28297767954108
2020	32	35-40	0.07467961521853847	0.08041373241095631	-0.07130768614387273
2020	32	40-45	0.19015403068231113	0.16680770076227613	0.13995954511300845
2020	32	45-50	0.35063155687052455	0.3161310483948654	0.1091335654970722
2020	32	50-55	0.4747972914957153	0.46009624807976024	0.03195210453749797
2020	32	55-60	0.6343599632817479	0.6815549692587075	-0.06924607420629791
2020	32	60-65	0.9023515894830252	0.9575907388294367	-0.05768555094208205
2020	32	65-70	1.317443411560155	1.2953171225389095	0.017081754449347786
2020	32	70-75	2.2179353853709736	2.307779006005233	-0.03893077300749803
2020	32	75-80	2.5017619251894736	2.4486889593576016	0.021674033212366606
2020	32	80-85	2.8997945180183544	2.9711567215932	-0.024018323589669044
2020	32	85	6.370828590021597	6.33705401390424	0.005329696739723611
2020	33	0-30	0.1983915552894584	0.1867162869724192	0.06252945849744651
2020	33	30-35	0.06478087568750035	0.05613081954678084	0.1541052885128522
2020	33	35-40	0.10143052216249254	0.0853991122955563	0.18772337833505115
2020	33	40-45	0.199505868256851	0.17401687691505394	0.14647424889851046
2020	33	45-50	0.37826754164849696	0.31549395545210335	0.19896921989024796
2020	33	50-55	0.4903448098570359	0.4702380413934872	0.04275870238818835
2020	33	55-60	0.7057254591509446	0.6649223210635142	0.061365270490795876
2020	33	60-65	1.0455179869205555	0.9568324022675695	0.09268664443513064
2020	33	65-70	1.437883306442158	1.2452069632841263	0.15473439262647903
2020	33	70-75	2.3689831044580867	2.2297531264775903	0.06244188037105358
2020	33	75-80	2.8561090666540174	2.3262406194617973	0.22777886464505603
2020	33	80-85	3.3452016037063963	2.8882864207725945	0.15819593917267416
2020	33	85	7.206115005157762	6.085839255178819	0.18407908967126096
2020	34	0-30	0.17128215021884918	0.1813361123518516	-0.0554437944136269
2020	34	30-35	0.0361073733340166	0.05981435895688394	-0.39634271830876056
2020	34	35-40	0.07690885746386798	0.07937784831105335	-0.03110428034670676
2020	34	40-45	0.17612627432050126	0.16577209393965286	0.06246033415381547
2020	34	45-50	0.2953595873145798	0.3108673535161407	-0.049885476960370934
2020	34	50-55	0.39705969968911203	0.4741640478578315	-0.1626111227054432
2020	34	55-60	0.6868928977410178	0.6661097568914309	0.031200775299519146
2020	34	60-65	0.916466586413486	0.9658327658604378	-0.05111255404860138
2020	34	65-70	1.31533043094819	1.2631355704001543	0.04132166156282069
2020	34	70-75	2.2271832049069196	2.2718460204049036	-0.019659261717932752
2020	34	75-80	2.5171683226444537	2.3627879636072513	0.06533821968582876
2020	34	80-85	2.905710741167911	2.9406750442636094	-0.011889890099861078
2020	34	85	6.462379756426351	6.28148414207927	0.028798228293736017
2020	35	0-30	0.17990787001404307	0.17742214890615604	0.014010207424563381
2020	35	30-35	0.050975115295082245	0.04906889484561302	0.038847837422604004
2020	35	35-40	0.06910650960521471	0.0802025637571874	-0.13835036727212247
2020	35	40-45	0.13560164483082843	0.1647522744431172	-0.17693612856527452
2020	35	45-50	0.24008761775863507	0.30706594760422834	-0.21812359972887785
2020	35	50-55	0.4269587734608825	0.46794798313458835	-0.08759351712371155
2020	35	55-60	0.6422894628227699	0.6851222708364333	-0.06251848733711551
2020	35	60-65	0.9033598035494868	0.9445364581113586	-0.04359456345836166
2020	35	65-70	1.2508845222832585	1.2619550955733492	-0.008772557224043576
2020	35	70-75	1.9990703230202589	2.2769255744439785	-0.12203088873099044
2020	35	75-80	2.4081384329630553	2.341393507548484	0.028506496323403185
2020	35	80-85	2.7392113182446765	2.9596404197035704	-0.07447833864931863
2020	35	85	6.152804678274191	6.172244367790807	-0.003149533355817802
2020	36	0-30	0.15772744768354457	0.17256372770482956	-0.08597565791266659
2020	36	30-35	0.04354124431454942	0.05808592439230713	-0.2503993907288836
2020	36	35-40	0.07245037297320897	0.09138652200577581	-0.20720942888460114
2020	36	40-45	0.17300899512898799	0.1673271500848078	0.03395650401802941
2020	36	45-50	0.2815415949255936	0.3180504654766208	-0.11478955233194232
2020	36	50-55	0.4580538101835238	0.4801964500493569	-0.04611162757150156
2020	36	55-60	0.6730162735442295	0.6827341754398788	-0.014233800277228092
2020	36	60-65	0.916466586413486	0.9212108917380519	-0.005150075153382949
2020	36	65-70	1.284692212074698	1.2503718437817377	0.027448129501347784
2020	36	70-75	2.153200648619354	2.260071726129577	-0.047286586648841555
2020	36	75-80	2.4472469803487744	2.3079003245482332	0.06037810832572155
2020	36	80-85	2.76034068663595	2.875241714365038	-0.039962215056573935
2020	36	85	6.008399230233701	6.047744608144244	-0.0065057935577435
2020	37	0-30	0.17744337864398768	0.17912260192243407	-0.009374714639158399
2020	37	30-35	0.061594930981557716	0.057233552137021526	0.07620318295280204
2020	37	35-40	0.08248196307719174	0.0785680536125568	0.04981553296376218
2020	37	40-45	0.15586395957566485	0.1721522087975215	-0.09461539492074844
2020	37	45-50	0.328177319238422	0.3232152439570333	0.015352231598483534
2020	37	50-55	0.44848610657655724	0.4805229914663884	-0.06667086790595755
2020	37	55-60	0.6115626521013102	0.6675593400282681	-0.08388271209655562
2020	37	60-65	0.9285651552110238	0.9259251488015959	0.0028512093151857876
2020	37	65-70	1.2857487023806802	1.2537845486617116	0.025494135936742213
2020	37	70-75	2.160907164899309	2.2446196285905073	-0.037294721397302055
2020	37	75-80	2.520723645134064	2.3604712520525037	0.06788999990667799
2020	37	80-85	2.891342770661845	2.9353473015188625	-0.014991251915658532
2020	37	85	6.143366413696381	6.152944194228043	-0.0015566174873887784
2020	38	0-30	0.16388867610868305	0.18670249966570593	-0.12219345535207848
2020	38	30-35	0.06478087568750035	0.059058058118447	0.09690155334223238
2020	38	35-40	0.08916968981318027	0.0796200034325941	0.11994079337952912
2020	38	40-45	0.16677443674596137	0.155092744613191	0.07532068738550657
2020	38	45-50	0.3005413344604496	0.31228671900773847	-0.0376108999595266
2020	38	50-55	0.4759932544465861	0.47802097148559336	-0.004241899749095834
2020	38	55-60	0.6690515237737186	0.666038732464185	0.004523447605497388
2020	38	60-65	0.9174748004799474	0.9351144849110542	-0.018863662915867052
2020	38	65-70	1.2508845222832585	1.2424996129084995	0.006748420110273656
2020	38	70-75	2.116209370475571	2.28679876698047	-0.0745974674151797
2020	38	75-80	2.6866386946492358	2.3334403844359146	0.15136375995254037
2020	38	80-85	2.8719037517418733	2.9068943151635422	-0.012037095135913223
2020	38	85	6.41330078062174	6.149708414520154	0.04286257954592054
2020	39	0-30	0.18237236138409846	0.16887348932265311	0.07993482053097223
2020	39	30-35	0.054161060001024885	0.04957338770258267	0.09254304599810936
2020	39	35-40	0.07690885746386798	0.07228450811979528	0.06397427975035641
2020	39	40-45	0.16833307634171804	0.176398514271436	-0.04572282234365721
2020	39	45-50	0.3160865758980591	0.3207469869761088	-0.014529867051866763
2020	39	50-55	0.4616416990361362	0.4658614720590065	-0.009057999589920596
2020	39	55-60	0.6373335256096312	0.7174671044815322	-0.11168955116040957
2020	39	60-65	0.9325980114768696	0.9461096931972817	-0.014281305664199162
2020	39	65-70	1.353364081963559	1.2758318969918119	0.06076990640738367
2020	39	70-75	2.2287245081629106	2.2586008205554284	-0.013227796660930435
2020	39	75-80	2.5385002575821183	2.409364785411822	0.053597310358391326
2020	39	80-85	2.915007663260071	2.9787141060895337	-0.021387229710707834
2020	39	85	6.243412018221164	6.344410605276788	-0.01591930178220502
2020	40	0-30	0.1564952019985169	0.1818512176558197	-0.13943275158757973
2020	40	30-35	0.052037096863729794	0.0536317931724408	-0.029734159803003868
2020	40	35-40	0.08471120532252126	0.07964886783240399	0.06355818516804734
2020	40	40-45	0.1636571575544481	0.15793078198655494	0.03625876789732252
2020	40	45-50	0.29017784016870996	0.33193548554084196	-0.12580048591097104
2020	40	50-55	0.4353305141169782	0.4822408805476564	-0.09727579789047436
2020	40	55-60	0.7037430842656892	0.7048194377495942	-0.001527133654743773
2020	40	60-65	0.9618362194042527	0.973770105450199	-0.01225534238435988
2020	40	65-70	1.2329241870815562	1.269579260484412	-0.028871827497300218
2020	40	70-75	2.2179353853709736	2.307998969408021	-0.03902236752737709
2020	40	75-80	2.579979019960911	2.4148867653216017	0.06836438751914864
2020	40	80-85	2.974169894755636	2.996727775339962	-0.007527504089612114
2020	40	85	6.379323028141625	6.349751035852195	0.0046571892539502
2020	41	0-30	0.1589596933685723	0.18935562539934922	-0.16052299458583386
2020	41	30-35	0.04460322588319697	0.05648371914357568	-0.2103348263980236
2020	41	35-40	0.07467961521853847	0.08391058345335542	-0.11000958228288693
2020	41	40-45	0.1932713098738244	0.16928869077194608	0.14166698905000108
2020	41	45-50	0.2815415949255936	0.3151329761921153	-0.10659430717921214
2020	41	50-55	0.4747972914957153	0.4839012910981621	-0.01881375348634895
2020	41	55-60	0.6918488349541564	0.7018994059881611	-0.01431910462989372
2020	41	60-65	0.9114255160811786	0.9590914028175492	-0.0496990032402973
2020	41	65-70	1.3470251401276643	1.3313829831664785	0.011748803431439026
2020	41	70-75	2.2379723276988557	2.3378405093555186	-0.04271813293379623
2020	41	75-80	2.4792448827552716	2.5044378733579	-0.01005933941130277
2020	41	80-85	2.9479694779504575	3.1275663373556126	-0.05742383694953246
2020	41	85	6.295322473399118	6.689254619114389	-0.05889029019610337
2020	42	0-30	0.13801151672310152	0.17816255385869934	-0.22536181855274473
2020	42	30-35	0.04885115215778715	0.055258111584233306	-0.11594604380715456
2020	42	35-40	0.0791380997091975	0.08829327968663739	-0.10369056410558808
2020	42	40-45	0.16209851795869143	0.16435878559000033	-0.013752034144053793
2020	42	45-50	0.3039958325576962	0.3092860246171775	-0.01710452991217215
2020	42	50-55	0.4520739954291697	0.4875626019029576	-0.07278779450121031
2020	42	55-60	0.6888752726262732	0.7124979275424348	-0.03315469982858954
2020	42	60-65	0.9809922866670208	0.9783005466756862	0.002751444840219275
2020	42	65-70	1.3079349988063125	1.2916359882175785	0.012618888554836616
2020	42	70-75	2.3350744328262856	2.401600072423554	-0.027700548630536392
2020	42	75-80	2.608421599877798	2.486715685008644	0.04894243262423115
2020	42	80-85	2.8710585770062225	3.135580960368868	-0.08436152238005912
2020	42	85	6.463323582884132	6.675055982553831	-0.03171994365636632
2020	43	0-30	0.1725143959038769	0.17232953831379577	0.0010726982262583284
2020	43	30-35	0.054161060001024885	0.06095209200945999	-0.11141589705208332
2020	43	35-40	0.09920127991716304	0.08147924027940696	0.21750374177500942
2020	43	40-45	0.16209851795869143	0.1727067133223339	-0.0614231789811418
2020	43	45-50	0.3074503306549427	0.3134387414566605	-0.019105522099430172
2020	43	50-55	0.4437022547730739	0.4749280947656951	-0.06574856349154579
2020	43	55-60	0.7364522698724043	0.689670501771484	0.06783205600465281
2020	43	60-65	0.9870415710657896	0.9929523879373467	-0.005952769682981085
2020	43	65-70	1.3956236942028584	1.2994347589671869	0.07402367419517408
2020	43	70-75	2.3828548337620052	2.3151097640245557	0.02926214160130458
2020	43	75-80	2.6451599322704427	2.4481679108722108	0.08046507779282575
2020	43	80-85	3.0198093304807867	3.0997066087969634	-0.025775755063214167
2020	43	85	6.8531239099476755	6.609099509887645	0.03692248841085766
2020	44	0-30	0.17374664158890457	0.169644398073918	0.02418142633391951
2020	44	30-35	0.04672718902049206	0.05432709014952415	-0.13989155517284146
2020	44	35-40	0.09028431093584502	0.08810126411799432	0.024778836486692546
2020	44	40-45	0.14339484280961165	0.16812434894137743	-0.14709056890021688
2020	44	45-50	0.31781382494668237	0.3061211083829129	0.03819637471436166
2020	44	50-55	0.4616416990361362	0.4750652508897401	-0.028256227599183892
2020	44	55-60	0.6303952135112371	0.7104207322924282	-0.11264524688484245
2020	44	60-65	0.9719183600688674	0.9686155166012342	0.0034098601674505957
2020	44	65-70	1.3692114365532964	1.2810899278905754	0.06878635663604094
2020	44	70-75	2.3828548337620052	2.3493416126432765	0.014264941691907618
2020	44	75-80	2.6463450397669797	2.5114244558399297	0.05372273237736169
2020	44	80-85	3.19476050076053	3.1444652901282386	0.01599483727493789
2020	44	85	6.796494322480817	6.58432139379494	0.03222396295627816
2020	45	0-30	0.15403071062846152	0.18450835677334204	-0.16518301218367337
2020	45	30-35	0.04885115215778715	0.05441285953385742	-0.10221310594069388
2020	45	35-40	0.08248196307719174	0.08331942515336198	-0.010051222444571128
2020	45	40-45	0.16677443674596137	0.16491256537629123	0.011290051582314442
2020	45	45-50	0.26599635348798417	0.31572523999679725	-0.1575068452218693
2020	45	50-55	0.4580538101835238	0.49074740616533374	-0.06662000770880361
2020	45	55-60	0.7106813963640833	0.7116056058495224	-0.0012987664484960249
2020	45	60-65	0.9991401398633274	0.9804163689054708	0.019097774732953265
2020	45	65-70	1.3818893202250861	1.3301694273962332	0.03888218430196
2020	45	70-75	2.4013504728338964	2.3670693907410176	0.014482499848535113
2020	45	75-80	2.7470791769726195	2.5016459866259564	0.09810868190734134
2020	45	80-85	3.1051719787815313	3.164292855511327	-0.018683756349170966
2020	45	85	7.12777740916194	6.776247231420456	0.05187682292810836
2020	46	0-30	0.1564952019985169	0.1827834231168151	-0.143821691650329
2020	46	30-35	0.04141728117725433	0.05558899628115497	-0.2549374166107212
2020	46	35-40	0.08248196307719174	0.08114288268620502	0.016502746102393218
2020	46	40-45	0.15586395957566485	0.1589405066516453	-0.019356595375170316
2020	46	45-50	0.33163181733566854	0.30412404882809446	0.09044917234783623
2020	46	50-55	0.4759932544465861	0.4834969175347913	-0.015519567583727745
2020	46	55-60	0.6670691488884631	0.728813638989732	-0.08471917483165914
2020	46	60-65	0.9850251429328667	0.994482889280734	-0.009510215258412003
2020	46	65-70	1.45161768041993	1.3340082862543572	0.08816241651376666
2020	46	70-75	2.4737917258654707	2.428696900928387	0.01856749803561164
2020	46	75-80	2.7577451444414516	2.546703736850257	0.08286845640404517
2020	46	80-85	3.433099776214094	3.2010575970587825	0.07248922336433994
2020	46	85	7.342026015078222	6.824037535580696	0.07590645227209292
2020	47	0-30	0.16265643042365535	0.17645891064619856	-0.07821923059593905
2020	47	30-35	0.05947096784426262	0.05925177304943221	0.003699379504602085
2020	47	35-40	0.08248196307719174	0.08491536689849837	-0.028656813368248546
2020	47	40-45	0.199505868256851	0.18031157556215	0.10645069588494094
2020	47	45-50	0.2970868363632031	0.320016894118789	-0.07165264764764057
2020	47	50-55	0.4771892173974569	0.48045985921883655	-0.006807315447116213
2020	47	55-60	0.7176197084624775	0.6949834157993988	0.03257098248458412
2020	47	60-65	1.0061976383285578	0.9900116332920377	0.01634930791944078
2020	47	65-70	1.3523075916575766	1.297455835958403	0.0422763952182279
2020	47	70-75	2.4260113249297515	2.3861210520567973	0.016717623290138484
2020	47	75-80	2.979360246293859	2.535371913171695	0.17511763493772547
2020	47	80-85	3.425493203593235	3.274439104930793	0.04613128961078505
2020	47	85	7.6242301259547345	6.9467749232203575	0.09752082228400827
2020	48	0-30	0.14294049946321227	0.1684238571060839	-0.15130491654053868
2020	48	30-35	0.04672718902049206	0.053584313698902465	-0.12796888128383088
2020	48	35-40	0.081367341954527	0.09081457965754862	-0.10402776446960471
2020	48	40-45	0.14962940119263826	0.1599828195819619	-0.0647158139628824
2020	48	45-50	0.34890430782190124	0.3380524424367498	0.032101129951699114
2020	48	50-55	0.48077710625006936	0.48246317661139193	-0.0034947130538848237
2020	48	55-60	0.7364522698724043	0.7240259286899942	0.01716284001719881
2020	48	60-65	1.0354358462559408	1.0083073352361922	0.026905002147379786
2020	48	65-70	1.4283748936883154	1.342616570905761	0.06387402378379692
2020	48	70-75	2.5708938309929006	2.3814580616402843	0.07954612865285471
2020	48	75-80	3.014913471189967	2.608839001119754	0.15565332697645173
2020	48	80-85	3.670593876932006	3.299530029620338	0.11245960605921934
2020	48	85	8.205627223947817	6.97532310701448	0.1763795164837778
2020	49	0-30	0.18976583549426457	0.1798716189254637	0.05500710244288687
2020	49	30-35	0.05628502313831998	0.055904430278292325	0.0068079194821064615
2020	49	35-40	0.11369135451180484	0.08530491830363345	0.33276435606131183
2020	49	40-45	0.18547811189504115	0.1809397677137823	0.025082071446216103
2020	49	45-50	0.32472282114117546	0.31135032803856466	0.042949988801535666
2020	49	50-55	0.4736013285448445	0.49504708793724045	-0.043320645479919984
2020	49	55-60	0.7186108959051051	0.7310512761745046	-0.017017110392718804
2020	49	60-65	1.0515672713193243	1.0096063131146005	0.041561703467637434
2020	49	65-70	1.5371933952045111	1.3732219520060698	0.11940636614416467
2020	49	70-75	2.8760718756791084	2.5112717904558117	0.14526507509451347
2020	49	75-80	3.1097220709129223	2.6097529961496573	0.19157716285828696
2020	49	80-85	3.9461208407542103	3.344588488087864	0.17985242573451798
2020	49	85	8.6926416761628	7.195492887905577	0.20806757946681875
2020	50	0-30	0.16019193905359996	0.18402296895186657	-0.12950030115262345
2020	50	30-35	0.04672718902049206	0.05827030649456838	-0.19809604871655007
2020	50	35-40	0.08471120532252126	0.0916764964328386	-0.07597684664378557
2020	50	40-45	0.20106450785260763	0.15664692256567964	0.2835522368357053
2020	50	45-50	0.35063155687052455	0.3300534161648788	0.062347910058794476
2020	50	50-55	0.5130681059235814	0.46965498167582254	0.09243620517523787
2020	50	55-60	0.7552848312823311	0.7041584809401101	0.07260631196824208
2020	50	60-65	1.0918958339777838	1.0090306223113419	0.08212358459114566
2020	50	65-70	1.5192330600028088	1.3702461941742878	0.10872999790982862
2020	50	70-75	2.86220014637519	2.526344625750938	0.13294129280735834
2020	50	75-80	3.3621499676752893	2.6760109213754864	0.25640367937927677
2020	50	80-85	4.142201379425227	3.3667344369040313	0.23033207906777964
2020	50	85	9.545860793996804	7.186078235185496	0.3283825309968107
2020	51	0-30	0.13061804261293536	0.17964581020924847	-0.2729135042960722
2020	51	30-35	0.06053294941291017	0.04735988430114106	0.2781481691975274
2020	51	35-40	0.10700362777581632	0.08550999825901948	0.25135808624028044
2020	51	40-45	0.18547811189504115	0.17108970326658018	0.08409862401854751
2020	51	45-50	0.2970868363632031	0.31408511749899704	-0.054119982733178085
2020	51	50-55	0.4759932544465861	0.48301469586870843	-0.014536703504422821
2020	51	55-60	0.756276018724959	0.7242805565258601	0.04417550893892663
2020	51	60-65	1.145331179500242	1.0306571535707856	0.1112630184850123
2020	51	65-70	1.5636056528540732	1.3893537335456496	0.1254194055129001
2020	51	70-75	2.9685500710385653	2.51833016064836	0.17877715854155252
2020	51	75-80	3.4356266324605795	2.673180311531494	0.28522068550335544
2020	51	80-85	4.303629753934556	3.440195855417676	0.2509839366142861
2020	51	85	9.891301277544642	7.328213194249274	0.3497562114195476
2020	52	0-30	0.18114011569907074	0.17740650411445158	0.021045516923158925
2020	52	30-35	0.054161060001024885	0.055341475376873416	-0.021329669435264376
2020	52	35-40	0.10143052216249254	0.08293006652588263	0.2230850210500661
2020	52	40-45	0.19171267027806774	0.16724947064351237	0.14626772533527488
2020	52	45-50	0.2953595873145798	0.3004578478284413	-0.016968305373646242
2020	52	50-55	0.4759932544465861	0.4745748660591424	0.00298875580837632
2020	52	55-60	0.7632143308233531	0.7047950494437379	0.08288832537306101
2020	52	60-65	1.136257252902089	0.9984201289289156	0.1380552334427012
2020	52	65-70	1.5593796916301432	1.3555666561968482	0.15035264736085274
2020	52	70-75	3.053321750118067	2.432459636432954	0.2552404588285657
2020	52	75-80	3.528065017190461	2.589714816209963	0.3623372716976494
2020	52	80-85	4.482806797892553	3.3599200805711518	0.33420042453227694
2020	52	85	10.323573795208329	7.380945253380318	0.3986790906598785
2020	53	0-30	0.15772744768354457	0	NULL
2020	53	30-35	0.052037096863729794	0	NULL
2020	53	35-40	0.09362817430383928	0	NULL
2020	53	40-45	0.17768491391625793	0	NULL
2020	53	45-50	0.34890430782190124	0	NULL
2020	53	50-55	0.5333994760883854	0	NULL
2020	53	55-60	0.796914703872696	0	NULL
2020	53	60-65	1.1352490388356273	0	NULL
2020	53	65-70	1.7136272763035854	0	NULL
2020	53	70-75	2.896108818006991	0	NULL
2020	53	75-80	3.5185841572181653	0	NULL
2020	53	80-85	4.540278679916817	0	NULL
2020	53	85	10.100830751172019	0	NULL
2021	01	0-30	0.1473617541402683	0.189138676940049	-0.22087985110006159
2021	01	30-35	0.05345669916451875	0.05615400014998153	-0.048033995410096675
2021	01	35-40	0.07963619191359375	0.07986050493668526	-0.002808810478588164
2021	01	40-45	0.181935760109014	0.19269469359497632	-0.055834093224053416
2021	01	45-50	0.32877109885343647	0.3606280424332175	-0.08833739984510613
2021	01	50-55	0.5517330105549844	0.5346601749521188	0.03193212511927701
2021	01	55-60	0.7881547131182026	0.749554658968479	0.051497317357541705
2021	01	60-65	1.1762037513539731	1.0574410916217274	0.11231137192721286
2021	01	65-70	1.564412260642422	1.3737493520802215	0.1387901717831468
2021	01	70-75	2.7791319936957484	2.658763809125464	0.04527223672789371
2021	01	75-80	3.6712583722773164	2.7565090051572425	0.33185067250229894
2021	01	80-85	4.282356504585693	3.3790820937470514	0.26731354426402953
2021	01	85	9.369350266202037	7.71150026931983	0.21498410672148416
2021	02	0-30	0.15355342448229636	0.18547265216930153	-0.1720966800963677
2021	02	30-35	0.05452583314780912	0.0662162601842716	-0.1765491890349814
2021	02	35-40	0.08516648301870443	0.08246632478999362	0.0327425556502845
2021	02	40-45	0.19263786364483837	0.191358818544544	0.0066840144082340736
2021	02	45-50	0.4449130631223135	0.35365495905571753	0.2580427666284144
2021	02	50-55	0.5367876468379192	0.5196628597325875	0.03295364828293468
2021	02	55-60	0.796046124513629	0.7557843975487243	0.053271444998716166
2021	02	60-65	1.1410056341064727	1.0797874131810743	0.056694697658169924
2021	02	65-70	1.6018582987960972	1.3885750891586142	0.153598614365694
2021	02	70-75	2.8142368188792735	2.7083043058859007	0.039113962475764597
2021	02	75-80	3.6532304462121177	2.8209824434741764	0.2950206246987441
2021	02	80-85	4.217623208586141	3.4898823902696714	0.2085287516695471
2021	02	85	9.052490652869087	7.853441232115486	0.15267821905259393
2021	03	0-30	0.1609834288927301	0.17842970760761373	-0.09777676009675418
2021	03	30-35	0.059871503064261	0.05531138869911656	0.08244440200101644
2021	03	35-40	0.07963619191359375	0.07737428606641994	0.029233301684129742
2021	03	40-45	0.17887801624163563	0.1741695088516723	0.027034051028835604
2021	03	45-50	0.38952228016331053	0.3731737613289269	0.04380940068284578
2021	03	50-55	0.5529784575314064	0.5269648147761431	0.04936504682255505
2021	03	55-60	0.7585619203853541	0.7470314145611087	0.015435101656360306
2021	03	60-65	1.1058075168589725	1.0527441439653888	0.050404814121035146
2021	03	65-70	1.5987377956166242	1.3943566946581663	0.14657734404793965
2021	03	70-75	2.786445498942316	2.6953262533314057	0.033806388187065384
2021	03	75-80	3.579831032946664	2.8627785276468254	0.2504743200967239
2021	03	80-85	4.107244639766394	3.4442365157045245	0.19249784997016972
2021	03	85	8.946571575324363	7.826583036513677	0.14310057576666058
2021	04	0-30	0.18203510805562556	0.19277277771295634	-0.05570117204680969
2021	04	30-35	0.062009771030841744	0.061411353585956105	0.009744410600688758
2021	04	35-40	0.07853013369257161	0.07554984880092278	0.03944792661997276
2021	04	40-45	0.181935760109014	0.17826236583721233	0.020606672948322524
2021	04	45-50	0.3091163049002419	0.3557921562869558	-0.13118853398518604
2021	04	50-55	0.5666783742720494	0.5130623402154513	0.10450198709592096
2021	04	55-60	0.7575754939609257	0.7589081516340094	-0.0017560197109680598
2021	04	60-65	1.0217231256566102	1.0913703610892598	-0.06381631563013779
2021	04	65-70	1.5560909188304943	1.392869549015312	0.11718352944866339
2021	04	70-75	2.7264747559204605	2.762458302013375	-0.013025914659666848
2021	04	75-80	3.310699850973336	2.8874750921167895	0.1465726094095181
2021	04	80-85	3.8748687054090305	3.5756406180789133	0.08368516841910245
2021	04	85	8.262585667789782	8.129258928090852	0.0164008479589961
2021	05	0-30	0.16841343330316377	0.19499859408717773	-0.13633514081711062
2021	05	30-35	0.0641480389974225	0.057778691707460375	0.11023695936576061
2021	05	35-40	0.0906967741238151	0.07480840701518834	0.21238745406516868
2021	05	40-45	0.19110899171114917	0.19294386240079214	-0.009509868138907085
2021	05	45-50	0.3341314972043077	0.3757806535404914	-0.1108336896638451
2021	05	50-55	0.5716601621777377	0.5332982452276902	0.07193332678915731
2021	05	55-60	0.7526433618387842	0.7892946276590382	-0.0464354685004732
2021	05	60-65	1.06767622317418	1.067462795500006	0.00019993921574945617
2021	05	65-70	1.528006390215238	1.4421424168074641	0.05953917755075455
2021	05	70-75	2.561189537348029	2.803237630769024	-0.0863459061637214
2021	05	75-80	3.28237025287088	2.9886665769072245	0.09827247985206511
2021	05	80-85	3.5727799907444586	3.6543428774625553	-0.02231944003424524
2021	05	85	7.857759362936639	8.28785380623521	-0.05189454994669407
2021	06	0-30	0.13497841345621214	0.20012204988850874	-0.3255195340472935
2021	06	30-35	0.04918016323135725	0.06144271089509827	-0.19957693085314843
2021	06	35-40	0.07521195902950521	0.08826406727510795	-0.14787567181694639
2021	06	40-45	0.17734914430794643	0.18205207344649474	-0.025832878744610932
2021	06	45-50	0.36272028840895437	0.35534627798971163	0.020751618564740504
2021	06	50-55	0.5268240710265426	0.5434455904939892	-0.030585434417340185
2021	06	55-60	0.727982701228077	0.771014413057402	-0.05581181246493949
2021	06	60-65	1.0862530072770278	1.1084113513340135	-0.019991083662502462
2021	06	65-70	1.5103235388648915	1.4306930682494188	0.05565866808378939
2021	06	70-75	2.47927827858647	2.8765113244976357	-0.13809542223183835
2021	06	75-80	3.1587501884238014	3.0000907471687963	0.05288488070060304
2021	06	80-85	3.5246449757704337	3.695111730660268	-0.04613304476705882
2021	06	85	7.422414001841793	8.451638873147761	-0.12177814111012053
2021	07	0-30	0.14240841786664585	0.1918395920226746	-0.2576693039994903
2021	07	30-35	0.03955795738174387	0.06054713305247854	-0.3466584561905275
2021	07	35-40	0.07742407547154949	0.08547951743195084	-0.09423827137084839
2021	07	40-45	0.181935760109014	0.20484041736220227	-0.11181707959854359
2021	07	45-50	0.3680806867598256	0.36255305899981316	0.015246396693663788
2021	07	50-55	0.5168604952151659	0.5374274373155942	-0.03826924468754045
2021	07	55-60	0.7427790975945013	0.7793718010051635	-0.046951536305866015
2021	07	60-65	1.0510548900295271	1.1315680031312372	-0.07115181136168292
2021	07	65-70	1.4479134752754332	1.4804331180705763	-0.02196630323801818
2021	07	70-75	2.511457701671368	2.9025484713938026	-0.13474047843708625
2021	07	75-80	3.0905016111769767	3.055099173596067	0.011587983096220889
2021	07	80-85	3.4458031408991854	3.802792145303157	-0.09387549746700985
2021	07	85	7.195316318631494	8.627150820045319	-0.16596840965002435
2021	08	0-30	0.17089010143997502	0.1866941359139991	-0.084652013287146
2021	08	30-35	0.043834493314905375	0.05701208035541063	-0.2311367513403615
2021	08	35-40	0.08627254123972657	0.08531458689221484	0.0112284942400529
2021	08	40-45	0.17276252850687884	0.1850537389660462	-0.06641968180617286
2021	08	45-50	0.3144767032511131	0.3815218663619292	-0.17573085325393634
2021	08	50-55	0.5056514724273671	0.5482449120458666	-0.0776905333413036
2021	08	55-60	0.6451228815761008	0.7875394122803578	-0.18083733776812927
2021	08	60-65	0.9914136358045958	1.1441251674216646	-0.13347449734123995
2021	08	65-70	1.3917444180449206	1.497350694460946	-0.07052875242031675
2021	08	70-75	2.3476351841482503	2.9797164337165754	-0.21212798721921855
2021	08	75-80	3.038993250990693	3.043208173268357	-0.0013850259455425729
2021	08	80-85	3.1586528791575863	3.8346971226544992	-0.17629664661206246
2021	08	85	6.4799137355539855	8.877845395936525	-0.27010288571595265
2021	09	0-30	0.19441844873968173	0.19304016217713954	0.0071398953823786915
2021	09	30-35	0.04169622534832462	0.06242263199203764	-0.33203352665995867
2021	09	35-40	0.11060582210221355	0.08533834714340638	0.2960858254771044
2021	09	40-45	0.19875335137959516	0.20292891972329308	-0.02057650703207603
2021	09	45-50	0.3466390933563406	0.39246135010840694	-0.11675610028709626
2021	09	50-55	0.4807425328989254	0.5516722597169701	-0.1285722194087383
2021	09	55-60	0.7181184369837942	0.7868195113475336	-0.08731490942068743
2021	09	60-65	0.921017401309595	1.1511598930864342	-0.19992226376111166
2021	09	65-70	1.3615795539766826	1.499390990014721	-0.09191160741647875
2021	09	70-75	2.3154557610633524	2.9741663385214685	-0.22147738306579634
2021	09	75-80	2.7969039581151636	3.1206967904619956	-0.10375658197120041
2021	09	80-85	3.1536733948499287	3.885587117902336	-0.1883663139812798
2021	09	85	6.188187462655379	8.806558993723645	-0.29732061443457714
2021	10	0-30	0.1399317497298346	0.18938531914300888	-0.2611267316651448
2021	10	30-35	0.07270111086374549	0.05598468535368434	0.29858925533750535
2021	10	35-40	0.08959071590279297	0.09142601775993792	-0.02007417474929285
2021	10	40-45	0.17429140044056804	0.19047447334892745	-0.08496189869344783
2021	10	45-50	0.3216239010522748	0.36586214240816417	-0.12091505577676354
2021	10	50-55	0.5068969194037892	0.5597092469511489	-0.09435671794782596
2021	10	55-60	0.6816206592799475	0.7918582337232674	-0.1392137755832754
2021	10	60-65	1.0256340275729992	1.1283864758212485	-0.09106139647186517
2021	10	65-70	1.3740615666945741	1.4911532928135476	-0.07852427157106145
2021	10	70-75	2.382740009331776	2.8902495489804467	-0.1755936748879341
2021	10	75-80	2.825233556217619	3.0164843080811967	-0.06340187195776714
2021	10	80-85	3.0291862871584843	3.783878352990758	-0.19944934678879644
2021	10	85	6.377585135214166	8.658225010482324	-0.2634073233840698
2021	11	0-30	0.1845117761924368	0.2001017922615033	-0.07791042695256145
2021	11	30-35	0.05880236908097062	0.06522206209189663	-0.09842824352717927
2021	11	35-40	0.08848465768177083	0.08167167275388434	0.0834191917241276
2021	11	40-45	0.1590026811036761	0.1881770535377139	-0.15503682242633676
2021	11	45-50	0.36629388730953516	0.3706240569414672	-0.011683455379735141
2021	11	50-55	0.4633062752290162	0.530998437394869	-0.12748090653139632
2021	11	55-60	0.6618921307913816	0.7914827183402627	-0.16373141768734034
2021	11	60-65	0.9014628917276503	1.0796495071125563	-0.16504116772252608
2021	11	65-70	1.3834230762329929	1.435298290404086	-0.03614246217522388
2021	11	70-75	2.3710384009372674	2.772880937038477	-0.1449187849119803
2021	11	75-80	2.758272687975451	2.983695933770189	-0.07555168180622673
2021	11	80-85	3.101388809619522	3.6663313931244197	-0.1540893397046299
2021	11	85	6.233068427716702	8.137441581844794	-0.2340260307830513
2021	12	0-30	0.13497841345621214	0.18620781988272578	-0.2751195221488446
2021	12	30-35	0.05773323509768025	0.0520320511690708	0.10957061658177292
2021	12	35-40	0.07410590080848307	0.08253884895731209	-0.10216944209132861
2021	12	40-45	0.18499350397639241	0.17823488176282018	0.03791975031333106
2021	12	45-50	0.34127869500546937	0.3466959693926027	-0.015625432267424966
2021	12	50-55	0.49942423754525667	0.516138175302728	-0.03238268075727624
2021	12	55-60	0.6914849235242304	0.7685249938785823	-0.10024406618911252
2021	12	60-65	0.9933690867627903	1.0628888425468395	-0.06540642163245358
2021	12	65-70	1.3813427407800112	1.395642205904233	-0.010245795852065975
2021	12	70-75	2.3593367925427593	2.712395817657785	-0.1301650086674666
2021	12	75-80	2.9024960964970434	2.8138736338973707	0.03149482675130866
2021	12	80-85	2.90469917946704	3.4642325313886495	-0.16151726157288837
2021	12	85	6.312058926224633	7.780694994870842	-0.1887538413489228
2021	13	0-30	0.16841343330316377	0.19157149556760913	-0.12088469735975127
2021	13	30-35	0.056664101114389874	0.06404848282924501	-0.1152936242774415
2021	13	35-40	0.09180283234483724	0.08522200889013101	0.07721976447645451
2021	13	40-45	0.19110899171114917	0.18793019912057599	0.016914751356878366
2021	13	45-50	0.3555730906077927	0.34153256992526304	0.041110341791420035
2021	13	50-55	0.518105942191588	0.5093700528705921	0.01715037873107028
2021	13	55-60	0.7072677463150829	0.7304054521474316	-0.03167789309940461
2021	13	60-65	0.9982577141582765	1.0110041230080142	-0.012607672471021902
2021	13	65-70	1.344936870352827	1.369854366291836	-0.018189886861083027
2021	13	70-75	2.375426504085208	2.627923388003714	-0.09608228499778071
2021	13	75-80	2.929537985594842	2.7815754542905227	0.05319378666362984
2021	13	80-85	3.059893107055707	3.368653824427464	-0.091657004092498
2021	13	85	6.157668406413678	7.461333144006129	-0.1747227623309805
2021	14	0-30	0.16222176296113572	0.182313427292087	-0.1102039747119784
2021	14	30-35	0.050249297214647624	0.05465126630569589	-0.08054651591100426
2021	14	35-40	0.09512100700790364	0.07932388490250677	0.19914710587879503
2021	14	40-45	0.181935760109014	0.17379832654881766	0.046821127232836934
2021	14	45-50	0.3502126922569215	0.33937548981140564	0.03193277879772105
2021	14	50-55	0.5305604119558088	0.5040638975905415	0.05256578479816243
2021	14	55-60	0.7289691276525053	0.7474908514202613	-0.02477852903826716
2021	14	60-65	0.9679482243062623	1.0427768789134884	-0.07175902738195838
2021	14	65-70	1.458315152540343	1.3608672985116896	0.07160716855730698
2021	14	70-75	2.4719647733399026	2.5825158812450946	-0.042807522969381506
2021	14	75-80	2.780163741054621	2.6783877489700827	0.03799897610929337
2021	14	80-85	3.1246264030552586	3.240019297342248	-0.03561487870817459
2021	14	85	6.342577982466334	7.229509969697284	-0.1226821722286231
2021	15	0-30	0.1783201058504087	0.17037691874833322	0.04662126278858514
2021	15	30-35	0.06307890501413213	0.06427749381238415	-0.018647099119180166
2021	15	35-40	0.07742407547154949	0.08144337136467701	-0.04935080443969364
2021	15	40-45	0.17123365657318965	0.17413340730646337	-0.01665246650902752
2021	15	45-50	0.35378629115750226	0.33059784580803975	0.0701409450892998
2021	15	50-55	0.5093878133566333	0.5012783290004206	0.016177608101239027
2021	15	55-60	0.8059103887579119	0.7284741019328643	0.10629929961763285
2021	15	60-65	1.0187899492193186	1.014515829860899	0.004212964679916054
2021	15	65-70	1.4312707916515777	1.305536598065013	0.09630844035542174
2021	15	70-75	2.5948316614822406	2.5245057962787714	0.027857280148507746
2021	15	75-80	2.951429038674012	2.669833146478294	0.10547321751816718
2021	15	80-85	3.0939195831580353	3.168734061077289	-0.02361021041122613
2021	15	85	6.316547022730766	6.97352700689486	-0.09421057429253876
2021	16	0-30	0.18946511246605927	0.19841708731653232	-0.04511695525593562
2021	16	30-35	0.056664101114389874	0.05820086613560188	-0.026404504318398025
2021	16	35-40	0.0906967741238151	0.08203848984048526	0.10553929381397587
2021	16	40-45	0.19722447944590596	0.15906469601203804	0.2399010238637742
2021	16	45-50	0.3394918955551789	0.3411872143940876	-0.004968881503720546
2021	16	50-55	0.5890964198476468	0.48481382672330503	0.21509822405262868
2021	16	55-60	0.7477112297166428	0.7282151733822367	0.026772384107097924
2021	16	60-65	1.0618098702995966	0.9761803956206215	0.08771890427540785
2021	16	65-70	1.535287564300675	1.2943662050070803	0.1861307552388365
2021	16	70-75	2.5465625268548933	2.472181939987929	0.030087019755240085
2021	16	75-80	2.9849094727950964	2.563458049663586	0.16440738056424187
2021	16	80-85	3.044954654132734	3.1036115605168413	-0.018899564343141995
2021	16	85	6.378482754515393	6.695557285523805	-0.047355958210371085
2021	17	0-30	0.1473617541402683	0.1769415544755575	-0.16717271656712684
2021	17	30-35	0.06094063704755137	0.06201773194969018	-0.017367531321728524
2021	17	35-40	0.08848465768177083	0.07830549562725404	0.12999294587152765
2021	17	40-45	0.20181109524697352	0.16907178401553785	0.1936414844266794
2021	17	45-50	0.3377050961048885	0.3292698337836587	0.025618084184329204
2021	17	50-55	0.6052872305411341	0.4820171969816028	0.2557378332794964
2021	17	55-60	0.7664533317807802	0.7006393228801875	0.09393422086280356
2021	17	60-65	1.1077629678171668	1.0161847612547938	0.09011964167745568
2021	17	65-70	1.492640687514545	1.2706827031726673	0.1746761672191559
2021	17	70-75	2.5363236195096985	2.5114843468500783	0.009890275721118336
2021	17	75-80	3.04929492302795	2.54580582471241	0.1977719955811701
2021	17	80-85	3.24081437023394	3.0914716198214087	0.048307980398396344
2021	17	85	6.356939891285957	6.65817269033042	-0.045242563245909806
2021	18	0-30	0.1845117761924368	0.1796104182454925	0.027288828759616246
2021	18	30-35	0.056664101114389874	0.05442718668468181	0.04109921100032965
2021	18	35-40	0.10728764743914714	0.0808600381638265	0.32683152117461245
2021	18	40-45	0.23391740585444656	0.17001099559685628	0.3758957474087752
2021	18	45-50	0.37522788456098727	0.33243611895882563	0.12872176987321193
2021	18	50-55	0.547996669625718	0.4874157980614073	0.12428992208553402
2021	18	55-60	0.7713854639029217	0.7198816774856146	0.07154479413505599
2021	18	60-65	1.0911416346725138	0.9787946643412887	0.1147809386627916
2021	18	65-70	1.4728775007112165	1.2786237051572193	0.15192413121271797
2021	18	70-75	2.606533269876749	2.348061174313587	0.11007894444603705
2021	18	75-80	2.9218117315668994	2.4961478613609094	0.17052830755543313
2021	18	80-85	3.109687950132285	3.0003886287040835	0.0364283881036469
2021	18	85	6.365916084298223	6.536741559963538	-0.026133123682232196
2021	19	0-30	0.16346009702954134	0.1769501579858269	-0.07623650133935489
2021	19	30-35	0.04490362729819575	0.05826603378368796	-0.22933441008015076
2021	19	35-40	0.10949976388119141	0.0976430544272204	0.1214291126340028
2021	19	40-45	0.18652237591008158	0.20578850019739953	-0.09362099567680993
2021	19	45-50	0.35378629115750226	0.32258841673453953	0.09671108075971535
2021	19	50-55	0.48447887382819166	0.4774889668627515	0.014638886865524947
2021	19	55-60	0.6914849235242304	0.7175188516737776	-0.03628326710694374
2021	19	60-65	0.9796809300554291	0.9918943322459374	-0.012313208971416856
2021	19	65-70	1.4520741461813973	1.2936254741799382	0.12248419280851253
2021	19	70-75	2.529010114263131	2.460758867780183	0.027735853104744246
2021	19	75-80	2.7853145770732497	2.5198362652048507	0.10535538182946858
2021	19	80-85	3.069852075671023	3.09827308970348	-0.009173179125787523
2021	19	85	6.2052422293786815	6.51582777388072	-0.047666321959436764
2021	20	0-30	0.19194178060287048	0.17546438251485427	0.09390736656552678
2021	20	30-35	0.059871503064261	0.053909849859102764	0.11058560208829071
2021	20	35-40	0.08959071590279297	0.0805123215591578	0.11275782598027129
2021	20	40-45	0.18346463204270322	0.16365334412049876	0.12105641976748927
2021	20	45-50	0.3466390933563406	0.31512128042801485	0.10001804030980233
2021	20	50-55	0.49693334359241254	0.4897286474937365	0.014711608429580636
2021	20	55-60	0.7299555540769337	0.6877773069587635	0.0613254416675586
2021	20	60-65	0.987502733888207	0.9582352282976844	0.03054313254848351
2021	20	65-70	1.3990255921303576	1.2881633297304156	0.08606227163999702
2021	20	70-75	2.4909798869809787	2.348118368998332	0.060840850218121245
2021	20	75-80	2.6063230254259167	2.441922783847743	0.06732409503920822
2021	20	80-85	2.8764821017236457	3.0226659522372854	-0.048362555711933264
2021	20	85	5.824651645658653	6.382837641322792	-0.08745107223947168
2021	21	0-30	0.18079677398721994	0.18474304147616258	-0.021360845081961233
2021	21	30-35	0.051318431197938	0.06062722686542504	-0.15354150517472764
2021	21	35-40	0.08406042479768229	0.08393902897794234	0.001446238075637707
2021	21	40-45	0.14677170563416256	0.1630592845832465	-0.0998874672528608
2021	21	45-50	0.32877109885343647	0.3155406214594686	0.041929553579418855
2021	21	50-55	0.4707789570875487	0.4880806092999985	-0.035448349888891784
2021	21	55-60	0.6865527914020889	0.6938031278159014	-0.010450135093274304
2021	21	60-65	0.9552377930779982	0.9502918681601702	0.005204637736618389
2021	21	65-70	1.3334950253614264	1.2512545053303128	0.06572645267671051
2021	21	70-75	2.3008287505702167	2.3139044270718907	-0.005650914682859387
2021	21	75-80	2.5316359031558067	2.4041712088989393	0.053018143543630325
2021	21	80-85	2.7254377443913596	2.96144984654662	-0.07969478275327768
2021	21	85	5.783361157802235	6.257847984349929	-0.07582268341038712
2021	22	0-30	0.19565678280808735	0.17695874291873387	0.10566327258518293
2021	22	30-35	0.04811102924806687	0.054786298160304746	-0.12184194107632595
2021	22	35-40	0.09733312344994792	0.077153079216653	0.2615585072972588
2021	22	40-45	0.17887801624163563	0.16931999586220076	0.05644944845860711
2021	22	45-50	0.30732950544995147	0.33838031725143275	-0.09176305540965923
2021	22	50-55	0.47825163894608125	0.5003949997750547	-0.04425176278525511
2021	22	55-60	0.7230505691059357	0.7097541407538561	0.018733851045880323
2021	22	60-65	0.9816363810136235	0.978430803845242	0.003276243098422116
2021	22	65-70	1.454154481634379	1.2581343227837023	0.15580225044410967
2021	22	70-75	2.2803509358798273	2.338845117569794	-0.025009856894990024
2021	22	75-80	2.6114738614445447	2.4687597832586374	0.057808005118072714
2021	22	80-85	2.908848749723421	2.976855877464453	-0.022845287289809058
2021	22	85	6.248327955837554	6.410555307566807	-0.025306286888713947
2021	23	0-30	0.18822677839765364	0.20011503359430954	-0.05940710691809792
2021	23	30-35	0.04062709136503425	0.062194127987023284	-0.34676966009538657
2021	23	35-40	0.08848465768177083	0.07790908873839604	0.13574242895954725
2021	23	40-45	0.17734914430794643	0.18255301390327122	-0.02850607329924526
2021	23	45-50	0.32519749995285563	0.33398091590228474	-0.02629915522478221
2021	23	50-55	0.48447887382819166	0.49626355164840313	-0.02374681312191307
2021	23	55-60	0.7339012597746468	0.6898234619092743	0.06389721472124932
2021	23	60-65	0.9532823421198038	0.9646413211710888	-0.01177533949872167
2021	23	65-70	1.309571167652134	1.2449322320004215	0.05192165002254567
2021	23	70-75	2.2657239253866917	2.273242167374229	-0.0033072771988130745
2021	23	75-80	2.581856554337432	2.422904479971197	0.06560393762123251
2021	23	80-85	2.8789718438774745	2.903408362962677	-0.008416494006467379
2021	23	85	5.779770680597329	6.191190647598466	-0.06645247908182661
2021	24	0-30	0.2068017894237379	0.1742640098896318	0.1867154299657945
2021	24	30-35	0.04811102924806687	0.05461624829534204	-0.11910776097431008
2021	24	35-40	0.09290889056585937	0.07475552611175824	0.24283642157721097
2021	24	40-45	0.19569560751221673	0.16181271227024913	0.20939575615900052
2021	24	45-50	0.3394918955551789	0.30997241590209856	0.09523260180158655
2021	24	50-55	0.5106332603330554	0.48657178717712435	0.049451024062708626
2021	24	55-60	0.7240369955303639	0.6834597916132269	0.05937028690650448
2021	24	60-65	1.0383444588012631	0.9453978255097452	0.09831483718655942
2021	24	65-70	1.3782222376005382	1.2234030855172142	0.1265479496627815
2021	24	70-75	2.4748901754385297	2.2242489553453173	0.11268577624409848
2021	24	75-80	2.7711497780220222	2.3473138895792665	0.1805620843144775
2021	24	80-85	3.081470872388891	2.8160193586462228	0.0942648042981784
2021	24	85	6.581344716592579	5.971657051296491	0.10209689874332617
2021	25	0-30	0.20308678721852103	0.18548742499865847	0.09488170003971885
2021	25	30-35	0.06094063704755137	0.058713549860688864	0.037931400709832364
2021	25	35-40	0.0940149487868815	0.0872988517269941	0.07693224970347101
2021	25	40-45	0.17429140044056804	0.17270279724249732	0.009198479836085793
2021	25	45-50	0.35735989005808305	0.35052000668039524	0.01951353203049666
2021	25	50-55	0.4346609947713082	0.4897275439816603	-0.11244323478855478
2021	25	55-60	0.6461093080005291	0.691010694258914	-0.06497929284081505
2021	25	60-65	0.9787032045763318	1.000565480345708	-0.021849920069021977
2021	25	65-70	1.2866874776693324	1.2562520362402556	0.024227177788435528
2021	25	70-75	2.126767325701904	2.3566739125306513	-0.09755553604862888
2021	25	75-80	2.520046522113893	2.4059426356200695	0.04742585496616214
2021	25	80-85	2.7785522436730425	2.9562232271275763	-0.060100665546548804
2021	25	85	5.876713565129789	6.12418203774168	-0.04040841227233449
2021	26	0-30	0.18946511246605927	0.19743192154094438	-0.04035218323716172
2021	26	30-35	0.051318431197938	0.05940692030597021	-0.1361539878918676
2021	26	35-40	0.08406042479768229	0.08832913421592956	-0.04832730962597198
2021	26	40-45	0.1574738091699869	0.16827934171749595	-0.0642118779240839
2021	26	45-50	0.29303510984762815	0.33968588043806797	-0.13733503002914849
2021	26	50-55	0.4857243208046137	0.4738294673220265	0.02510365923380431
2021	26	55-60	0.7092405991639396	0.7120421233391813	-0.0039344921928266
2021	26	60-65	0.9444828128079286	1.0112689289880739	-0.06604189475788091
2021	26	65-70	1.2617234522335492	1.2884080960718811	-0.020711328902456083
2021	26	70-75	2.2116039865620905	2.3753123240119716	-0.06892076288029902
2021	26	75-80	2.3899879126435284	2.483046106454501	-0.037477432887401685
2021	26	80-85	2.8125787197753707	3.0958968315281874	-0.09151406754499825
2021	26	85	5.732196857632325	6.50565973139948	-0.1188907667632918
2021	27	0-30	0.18079677398721994	0.18889260422855308	-0.042859434726928214
2021	27	30-35	0.06094063704755137	0.059783734084769016	0.01935146709206803
2021	27	35-40	0.06193926037723958	0.07972418229982788	-0.22308064390930338
2021	27	40-45	0.15288719336891934	0.17649825538906377	-0.13377504479065472
2021	27	45-50	0.3359182966545981	0.3272182920443168	0.026587769760447966
2021	27	50-55	0.4496063584883732	0.4904114965880558	-0.08320591663037369
2021	27	55-60	0.6707699686112363	0.7176724453945635	-0.0653535984059429
2021	27	60-65	0.9337278325378591	0.962104294300264	-0.02949416391810522
2021	27	65-70	1.2929284840282784	1.255774142227178	0.029586802715339644
2021	27	70-75	2.2979033484715896	2.396616770463602	-0.04118865527796389
2021	27	75-80	2.4260437647739264	2.4232156640346534	0.0011670858608450185
2021	27	80-85	2.737886455160504	2.95031179803428	-0.07200098071509253
2021	27	85	5.745661147150722	6.29137462768613	-0.08673994362597881
2021	28	0-30	0.17212843550838064	0.17132410807255982	0.004694770892839983
2021	28	30-35	0.068424574930584	0.05539418238307483	0.23523034345733906
2021	28	35-40	0.09733312344994792	0.07649537547096252	0.27240532974304266
2021	28	40-45	0.19263786364483837	0.16432765276863398	0.17227904372287184
2021	28	45-50	0.348425892806631	0.3124051596173779	0.11530133891952987
2021	28	50-55	0.4583244873233278	0.46978315158624995	-0.024391390419667647
2021	28	55-60	0.690498497099802	0.6885412479049726	0.002842602677449957
2021	28	60-65	0.9689259497853596	0.9604555510077708	0.008819147089837776
2021	28	65-70	1.3959050889508846	1.2418963964469558	0.1240109021529856
2021	28	70-75	2.2759628327318864	2.2813327766057396	-0.002353862588097666
2021	28	75-80	2.5998844804026313	2.339575853533277	0.11126317040596523
2021	28	80-85	2.7735727593653845	2.8824871100651492	-0.0377848526432103
2021	28	85	5.996096932192911	6.087080701396674	-0.014947028578557786
2021	29	0-30	0.19070344653446486	0.18303834263559154	0.04187703946890342
2021	29	30-35	0.055594967131099494	0.05359454198604561	0.03732516541655939
2021	29	35-40	0.06968166792439452	0.07848776579573616	-0.1121970766024789
2021	29	40-45	0.15441606530260854	0.16885694964389192	-0.08552140952290233
2021	29	45-50	0.36093348895866395	0.33003701352307696	0.09361518305408678
2021	29	50-55	0.4682880631347045	0.46457630105640746	0.007989563974436065
2021	29	55-60	0.669783542186808	0.7029679546752761	-0.04720615252482885
2021	29	60-65	0.9640373223898733	0.9829685051809719	-0.019259195682585273
2021	29	65-70	1.3293343544554623	1.3048077897146986	0.01879707105835604
2021	29	70-75	2.271574729583946	2.345281601893912	-0.03142772801801064
2021	29	75-80	2.4827029609788376	2.414667999756957	0.028175700025315553
2021	29	80-85	2.8308368289034496	2.9706739303223455	-0.04707251778512167
2021	29	85	6.088551720219239	6.337881337420677	-0.03933958430703399
2021	30	0-30	0.1758434377135975	0.19306386878944834	-0.08919551433329609
2021	30	30-35	0.05452583314780912	0.06187541064454917	-0.11878026214582382
2021	30	35-40	0.07410590080848307	0.08670575304888771	-0.14531737280801194
2021	30	40-45	0.1651181688384329	0.1694625869402686	-0.025636443891695282
2021	30	45-50	0.3448522939060502	0.32497082821232415	0.061179232003976125
2021	30	50-55	0.432170100818464	0.47588507146781156	-0.09186035299345252
2021	30	55-60	0.6638649836402383	0.6847844673476435	-0.030549004401972057
2021	30	60-65	0.9268837541841785	0.9757787579151737	-0.050108698651590955
2021	30	65-70	1.2377995945242568	1.3032310036413757	-0.05020706914913475
2021	30	70-75	2.3066795547674714	2.4091772904193327	-0.04254470439326652
2021	30	75-80	2.5458007022070346	2.477390010445575	0.027614017765880794
2021	30	80-85	2.880631671980027	3.1075418570204936	-0.07301918863227408
2021	30	85	5.786054015705914	6.509106273772844	-0.11108318525698768
2021	31	0-30	0.1845117761924368	0.18036367705021644	0.022998528362589754
2021	31	30-35	0.051318431197938	0.05954140389863779	-0.13810511950135462
2021	31	35-40	0.0906967741238151	0.08508682083746988	0.06593210594930055
2021	31	40-45	0.1391273459657166	0.1776682393470011	-0.21692618513549222
2021	31	45-50	0.3019691070990802	0.3288112648314222	-0.08163393594834312
2021	31	50-55	0.4857243208046137	0.4968355036391695	-0.022363906671664546
2021	31	55-60	0.6885256442509455	0.7040510205449088	-0.022051493202789763
2021	31	60-65	0.9219951267886922	0.9818575487091362	-0.060968540700375606
2021	31	65-70	1.2835669744898597	1.3283402785146436	-0.033706200699454625
2021	31	70-75	2.2013650792168953	2.3746040641320105	-0.07295489278901712
2021	31	75-80	2.4260437647739264	2.474003616577659	-0.019385522107714825
2021	31	80-85	2.678962557519887	3.0576548066905156	-0.12385055642710374
2021	31	85	5.885689758142053	6.627257329701658	-0.11189660136420088
2021	32	0-30	0.17089010143997502	0.1862217501698441	-0.0823300646454338
2021	32	30-35	0.062009771030841744	0.06072508912509371	0.02115570226832575
2021	32	35-40	0.10396947277608073	0.08041373241095631	0.2929318122524427
2021	32	40-45	0.16970478463950048	0.16680770076227613	0.017367806546012332
2021	32	45-50	0.30554270599966105	0.3161310483948654	-0.03349352254062343
2021	32	50-55	0.4645517222054383	0.46009624807976024	0.009683787129917354
2021	32	55-60	0.6747156743089495	0.6815549692587075	-0.010034839826927988
2021	32	60-65	0.9053737936440392	0.9575907388294367	-0.05452950103634846
2021	32	65-70	1.2606832845070581	1.2953171225389095	-0.026737728876745415
2021	32	70-75	2.287664441126395	2.307779006005233	-0.008715983994349696
2021	32	75-80	2.491716924011437	2.4486889593576016	0.01757183757022518
2021	32	80-85	2.7478454237758196	2.9711567215932	-0.07515971681818112
2021	32	85	6.2276827119093445	6.33705401390424	-0.017259013692312197
2021	33	0-30	0.16841343330316377	0.1867162869724192	-0.09802494450823696
2021	33	30-35	0.06735544094729362	0.05613081954678084	0.1999725193956574
2021	33	35-40	0.08848465768177083	0.0853991122955563	0.036130883603752384
2021	33	40-45	0.19263786364483837	0.17401687691505394	0.10700678612267156
2021	33	45-50	0.3466390933563406	0.31549395545210335	0.09871865170794214
2021	33	50-55	0.4570790403469058	0.4702380413934872	-0.027983701632446567
2021	33	55-60	0.6638649836402383	0.6649223210635142	-0.0015901668357061194
2021	33	60-65	0.9004851662485531	0.9568324022675695	-0.05888934769086063
2021	33	65-70	1.3168523417375708	1.2452069632841263	0.05753692403428756
2021	33	70-75	2.1779618624278783	2.2297531264775903	-0.023227353483534885
2021	33	75-80	2.5354990301697775	2.3262406194617973	0.08995561721228751
2021	33	80-85	2.8059394073651602	2.8882864207725945	-0.02851068121748368
2021	33	85	6.064315999086123	6.085839255178819	-0.003536612649501225
2021	34	0-30	0.18079677398721994	0.1813361123518516	-0.00297424687028236
2021	34	30-35	0.04062709136503425	0.05981435895688394	-0.32078029300089084
2021	34	35-40	0.07631801725052735	0.07937784831105335	-0.03854766947745447
2021	34	40-45	0.1574738091699869	0.16577209393965286	-0.05005839386143507
2021	34	45-50	0.29303510984762815	0.3108673535161407	-0.05736287026224085
2021	34	50-55	0.45209725244121735	0.4741640478578315	-0.04653831414740761
2021	34	55-60	0.6618921307913816	0.6661097568914309	-0.006331728452277696
2021	34	60-65	0.9728368517017485	0.9658327658604378	0.0072518619049655175
2021	34	65-70	1.235719259071275	1.2631355704001543	-0.021704963403250677
2021	34	70-75	2.23208180125248	2.2718460204049036	-0.017503043249971983
2021	34	75-80	2.4659627439182956	2.3627879636072513	0.043666542195148095
2021	34	80-85	2.820047946236857	2.9406750442636094	-0.04102020665699202
2021	34	85	5.887484996744507	6.28148414207927	-0.06272389397521316
2021	35	0-30	0.17336676957678626	0.17742214890615604	-0.022857232619332035
2021	35	30-35	0.05880236908097062	0.04906889484561302	0.19836342892951486
2021	35	35-40	0.10618158921812501	0.0802025637571874	0.32391764357544606
2021	35	40-45	0.16053155303736533	0.1647522744431172	-0.025618592641700633
2021	35	45-50	0.32877109885343647	0.30706594760422834	0.07068563420514318
2021	35	50-55	0.47451529801681497	0.46794798313458835	0.014034283977964579
2021	35	55-60	0.6717563950356646	0.6851222708364333	-0.019508745182740705
2021	35	60-65	0.9904359103254986	0.9445364581113586	0.04859468559415703
2021	35	65-70	1.2544422781481124	1.2619550955733492	-0.005953315971059525
2021	35	70-75	2.1808872645265054	2.2769255744439785	-0.04217894119834176
2021	35	75-80	2.4852783789881516	2.341393507548484	0.06145266525075477
2021	35	80-85	2.8134086338266466	2.9596404197035704	-0.04940863251609795
2021	35	85	5.9548064443364925	6.172244367790807	-0.035228340049041296
2021	36	0-30	0.19441844873968173	0.17256372770482956	0.12664724693612728
2021	36	30-35	0.06307890501413213	0.05808592439230713	0.08595852909394819
2021	36	35-40	0.08627254123972657	0.09138652200577581	-0.055959901458182526
2021	36	40-45	0.16664704077212206	0.1673271500848078	-0.004064548474895124
2021	36	45-50	0.36629388730953516	0.3180504654766208	0.15168480184620448
2021	36	50-55	0.46704261615828246	0.4801964500493569	-0.027392609607427176
2021	36	55-60	0.6855663649776607	0.6827341754398788	0.004148304918172752
2021	36	60-65	0.9591486949943873	0.9212108917380519	0.0411825387613014
2021	36	65-70	1.4000657598568484	1.2503718437817377	0.11971951929304714
2021	36	70-75	2.411994030318047	2.260071726129577	0.06722012511020647
2021	36	75-80	2.651392840588914	2.3079003245482332	0.14883334101871082
2021	36	80-85	3.0905999269529305	2.875241714365038	0.07490090711745667
2021	36	85	6.599297102617108	6.047744608144244	0.09119970008821321
2021	37	0-30	0.17955843991881432	0.17912260192243407	0.00243318258948122
2021	37	30-35	0.06307890501413213	0.057233552137021526	0.10213157595244793
2021	37	35-40	0.10949976388119141	0.0785680536125568	0.3936932232172681
2021	37	40-45	0.16664704077212206	0.1721522087975215	-0.03197849196273972
2021	37	45-50	0.3216239010522748	0.3232152439570333	-0.0049234772632509305
2021	37	50-55	0.4807425328989254	0.4805229914663884	0.00045688018354139714
2021	37	55-60	0.6293400587852482	0.6675593400282681	-0.057252260512753006
2021	37	60-65	0.9405719108915397	0.9259251488015959	0.015818516333529375
2021	37	65-70	1.2804464713103867	1.2537845486617116	0.021265154908101325
2021	37	70-75	2.286201740077081	2.2446196285905073	0.018525237397431615
2021	37	75-80	2.5638286282722333	2.3604712520525037	0.08615117682238416
2021	37	80-85	2.957813678748723	2.9353473015188625	0.007653737333989552
2021	37	85	6.3264208350442575	6.152944194228043	0.028194086495851645
2021	38	0-30	0.19441844873968173	0.18670249966570593	0.04132750813615971
2021	38	30-35	0.05345669916451875	0.059058058118447	-0.09484495651201652
2021	38	35-40	0.09180283234483724	0.0796200034325941	0.1530121626100791
2021	38	40-45	0.20181109524697352	0.155092744613191	0.30122847300368827
2021	38	45-50	0.3234107005025652	0.31228671900773847	0.03562105212214006
2021	38	50-55	0.48946066173388	0.47802097148559336	0.02393135642717592
2021	38	55-60	0.6865527914020889	0.666038732464185	0.030800099060315667
2021	38	60-65	0.9904359103254986	0.9351144849110542	0.05916005612907016
2021	38	65-70	1.3511778767117728	1.2424996129084995	0.08746744278565544
2021	38	70-75	2.3344708747044285	2.28679876698047	0.02084665621317683
2021	38	75-80	2.5303481941511494	2.3334403844359146	0.08438518979469678
2021	38	80-85	2.920467546441289	2.9068943151635422	0.0046693239609514325
2021	38	85	6.249225575138779	6.149708414520154	0.016182419378397483
2021	39	0-30	0.1770817717820031	0.16887348932265311	0.048606104441100806
2021	39	30-35	0.04918016323135725	0.04957338770258267	-0.007932168638233539
2021	39	35-40	0.09733312344994792	0.07228450811979528	0.3465281286640314
2021	39	40-45	0.17734914430794643	0.176398514271436	0.00538910455361119
2021	39	45-50	0.29303510984762815	0.3207469869761088	-0.08639793436483567
2021	39	50-55	0.44213367662984066	0.4658614720590065	-0.05093315685517874
2021	39	55-60	0.669783542186808	0.7174671044815322	-0.06646097360684156
2021	39	60-65	0.9542600675989009	0.9461096931972817	0.008614618854686729
2021	39	65-70	1.3324548576349353	1.2758318969918119	0.0443812078821908
2021	39	70-75	2.4236956387125552	2.2586008205554284	0.07309605869908742
2021	39	75-80	2.511032559081293	2.409364785411822	0.04219692023600885
2021	39	80-85	2.9544940225436176	2.9787141060895337	-0.008131053428861001
2021	39	85	6.2761541541755745	6.344410605276788	-0.010758517275732848
2021	40	0-30	0.18327344212403118	0.1818512176558197	0.007820813555965422
2021	40	30-35	0.05345669916451875	0.0536317931724408	-0.003264742749866212
2021	40	35-40	0.09180283234483724	0.07964886783240399	0.15259431606746054
2021	40	40-45	0.1406562178994058	0.15793078198655494	-0.10938060250103598
2021	40	45-50	0.31983710160198436	0.33193548554084196	-0.03644799807753296
2021	40	50-55	0.49693334359241254	0.4822408805476564	0.030467062493894526
2021	40	55-60	0.7082541727395113	0.7048194377495942	0.004873212635684077
2021	40	60-65	0.9855472829300126	0.973770105450199	0.01209441264821809
2021	40	65-70	1.3563787153442275	1.269579260484412	0.06836867737323993
2021	40	70-75	2.270112028534632	2.307998969408021	-0.01641549297706424
2021	40	75-80	2.4299068917878976	2.4148867653216017	0.006219805699376302
2021	40	80-85	3.0432948260301815	2.996727775339962	0.01553929958984579
2021	40	85	6.283335108585385	6.349751035852195	-0.010459611233859412
2021	41	0-30	0.1609834288927301	0.18935562539934922	-0.14983550896247433
2021	41	30-35	0.05773323509768025	0.05648371914357568	0.022121701138843708
2021	41	35-40	0.08295436657666017	0.08391058345335542	-0.011395664734315636
2021	41	40-45	0.18805124784377078	0.16928869077194608	0.11083172175452827
2021	41	45-50	0.32519749995285563	0.3151329761921153	0.031937386821126346
2021	41	50-55	0.504406025450945	0.4839012910981621	0.04237379550331366
2021	41	55-60	0.7092405991639396	0.7018994059881611	0.01045903887814692
2021	41	60-65	1.0187899492193186	0.9590914028175492	0.06224489785477316
2021	41	65-70	1.338695863993881	1.3313829831664785	0.005492695129698966
2021	41	70-75	2.3900535145783435	2.3378405093555186	0.02233386110552882
2021	41	75-80	2.61791240646783	2.5044378733579	0.045309382323701186
2021	41	80-85	3.078981130235062	3.1275663373556126	-0.015534508905614364
2021	41	85	6.641485209774753	6.689254619114389	-0.0071412155852366155
2021	42	0-30	0.19070344653446486	0.17816255385869934	0.07039017124615143
2021	42	30-35	0.06628630696400326	0.055258111584233306	0.19957604528267314
2021	42	35-40	0.10728764743914714	0.08829327968663739	0.2151281254918025
2021	42	40-45	0.19263786364483837	0.16435878559000033	0.1720569907676328
2021	42	45-50	0.2876747114967569	0.3092860246171775	-0.06987484528979382
2021	42	50-55	0.4707789570875487	0.4875626019029576	-0.03442356889126097
2021	42	55-60	0.7200912898326508	0.7124979275424348	0.010657381582017011
2021	42	60-65	1.0324781059266799	0.9783005466756862	0.05537925889451012
2021	42	65-70	1.42294944983965	1.2916359882175785	0.10166444944235442
2021	42	70-75	2.5246220111151905	2.401600072423554	0.05122498958267019
2021	42	75-80	2.720929126840396	2.486715685008644	0.09418585455656459
2021	42	80-85	3.220896433003309	3.135580960368868	0.027208824684406885
2021	42	85	6.973604351228553	6.675055982553831	0.04472597225476749
2021	43	0-30	0.19813345094489856	0.17232953831379577	0.14973586585090426
2021	43	30-35	0.055594967131099494	0.06095209200945999	-0.08789074667903196
2021	43	35-40	0.08516648301870443	0.08147924027940696	0.04525376926261515
2021	43	40-45	0.1574738091699869	0.1727067133223339	-0.08820099612408705
2021	43	45-50	0.3502126922569215	0.3134387414566605	0.11732420385992959
2021	43	50-55	0.4558335933704836	0.4749280947656951	-0.040205036521647974
2021	43	55-60	0.7269962748036488	0.689670501771484	0.05412116791466359
2021	43	60-65	0.9738145771808456	0.9929523879373467	-0.019273643921896344
2021	43	65-70	1.3948649212243935	1.2994347589671869	0.0734397487820444
2021	43	70-75	2.581667352038419	2.3151097640245557	0.11513820733513858
2021	43	75-80	2.7466833069335377	2.4481679108722108	0.12193420015662837
2021	43	80-85	3.393518555668779	3.0997066087969634	0.09478701824165481
2021	43	85	7.173773455402057	6.609099509887645	0.08543886268766632
2021	44	0-30	0.15850676075591885	0.169644398073918	-0.06565284468247656
2021	44	30-35	0.05880236908097062	0.05432709014952415	0.08237656239509938
2021	44	35-40	0.053090794609062505	0.08810126411799432	-0.3973889575754801
2021	44	40-45	0.142185089833095	0.16812434894137743	-0.15428615350253094
2021	44	45-50	0.3162635027014035	0.3061211083829129	0.03313196653464345
2021	44	50-55	0.4857243208046137	0.4750652508897401	0.022437065002987255
2021	44	55-60	0.6855663649776607	0.7104207322924282	-0.0349854194634297
2021	44	60-65	1.0080349689492487	0.9686155166012342	0.04069669716456015
2021	44	65-70	1.4385519657370145	1.2810899278905754	0.12291255626817232
2021	44	70-75	2.43393454605775	2.3493416126432765	0.036007080860112506
2021	44	75-80	2.7878899950825637	2.5114244558399297	0.11008315961873993
2021	44	80-85	3.3428937985409246	3.1444652901282386	0.06310405429998989
2021	44	85	7.3281639752130125	6.58432139379494	0.11297179115817002
2021	45	0-30	0.16222176296113572	0.18450835677334204	-0.12078907536737826
2021	45	30-35	0.051318431197938	0.05441285953385742	-0.05686943054323346
2021	45	35-40	0.08074225013461589	0.08331942515336198	-0.03093126259575618
2021	45	40-45	0.21709981458386546	0.16491256537629123	0.3164540499900377
2021	45	45-50	0.37701468401127763	0.31572523999679725	0.19412272523762164
2021	45	50-55	0.4657971691818603	0.49074740616533374	-0.050841301798073335
2021	45	55-60	0.73784696547236	0.7116056058495224	0.036876268830836834
2021	45	60-65	1.0129235963447352	0.9804163689054708	0.03315655314441068
2021	45	65-70	1.494721022967527	1.3301694273962332	0.12370724524423826
2021	45	70-75	2.515845804819309	2.3670693907410176	0.06285257823883095
2021	45	75-80	2.88189275242253	2.5016459866259564	0.1519986312329602
2021	45	80-85	3.464061250027264	3.164292855511327	0.0947347190048553
2021	45	85	7.591166430472373	6.776247231420456	0.12026113735538702
2021	46	0-30	0.19441844873968173	0.1827834231168151	0.06365470907846382
2021	46	30-35	0.04597276128148613	0.05558899628115497	-0.17298810273587917
2021	46	35-40	0.08516648301870443	0.08114288268620502	0.049586608206408256
2021	46	40-45	0.19722447944590596	0.1589405066516453	0.24086982985507155
2021	46	45-50	0.3377050961048885	0.30412404882809446	0.11041891427591666
2021	46	50-55	0.5430148817200297	0.4834969175347913	0.12309895270626114
2021	46	55-60	0.744751950443358	0.728813638989732	0.02186884355748253
2021	46	60-65	1.1312283793155005	0.994482889280734	0.13750411546413677
2021	46	65-70	1.5363277320271658	1.3340082862543572	0.1516628103869455
2021	46	70-75	2.7703557873998665	2.428696900928387	0.14067580287226367
2021	46	75-80	3.0402809599953504	2.546703736850257	0.19381022456720687
2021	46	80-85	3.6889679579231407	3.2010575970587825	0.15242161256725373
2021	46	85	7.989709400216932	6.824037535580696	0.1708185012990322
2021	47	0-30	0.16469843109794696	0.17645891064619856	-0.06664712768079728
2021	47	30-35	0.04811102924806687	0.05925177304943221	-0.18802380465595359
2021	47	35-40	0.10065129811301432	0.08491536689849837	0.18531311574412124
2021	47	40-45	0.22780191811968983	0.18031157556215	0.2633793332983816
2021	47	45-50	0.35735989005808305	0.320016894118789	0.11669070172724227
2021	47	50-55	0.5592056924135168	0.48045985921883655	0.16389679945939806
2021	47	55-60	0.7526433618387842	0.6949834157993988	0.08296593088205206
2021	47	60-65	1.191847359019529	0.9900116332920377	0.20387207477182545
2021	47	65-70	1.5581712542834762	1.297455835958403	0.20094357827022935
2021	47	70-75	2.979522037451705	2.3861210520567973	0.24868855034970072
2021	47	75-80	3.1896552045355713	2.535371913171695	0.25806205707524055
2021	47	80-85	3.8582704243835053	3.274439104930793	0.17829964178400926
2021	47	85	8.241042804560347	6.9467749232203575	0.18631205064867684
2021	48	0-30	0.18822677839765364	0.1684238571060839	0.11757788731258323
2021	48	30-35	0.06307890501413213	0.053584313698902465	0.1771897531165756
2021	48	35-40	0.08516648301870443	0.09081457965754862	-0.06219372109789545
2021	48	40-45	0.2492061251913385	0.1599828195819619	0.5577055451486528
2021	48	45-50	0.35735989005808305	0.3380524424367498	0.05711376460457229
2021	48	50-55	0.5529784575314064	0.48246317661139193	0.14615681431955618
2021	48	55-60	0.8493131514327565	0.7240259286899942	0.17304245300917476
2021	48	60-65	1.2045577902477929	1.0083073352361922	0.19463356870812576
2021	48	65-70	1.678830710556429	1.342616570905761	0.25041709370818377
2021	48	70-75	3.0219403678817978	2.3814580616402843	0.2689454484033056
2021	48	75-80	3.2025322945821415	2.608839001119754	0.22756992409557086
2021	48	80-85	4.005165211459409	3.299530029620338	0.2138592998107265
2021	48	85	8.480707157987819	6.97532310701448	0.2158156730344869
2021	49	0-30	0.15355342448229636	0.1798716189254637	-0.14631654843821262
2021	49	30-35	0.056664101114389874	0.055904430278292325	0.01358874121989806
2021	49	35-40	0.09622706522892578	0.08530491830363345	0.12803654399405384
2021	49	40-45	0.2125131987827979	0.1809397677137823	0.1744969139065089
2021	49	45-50	0.348425892806631	0.31135032803856466	0.11907989627515048
2021	49	50-55	0.5430148817200297	0.49504708793724045	0.09689541652019629
2021	49	55-60	0.8177475058510513	0.7310512761745046	0.11859117479449144
2021	49	60-65	1.2104241431223763	1.0096063131146005	0.19890706644678136
2021	49	65-70	1.6320231628643351	1.3732219520060698	0.18846276851327337
2021	49	70-75	2.9297902017750443	2.5112717904558117	0.1666559601034936
2021	49	75-80	3.214121675624055	2.6097529961496573	0.23158079725018532
2021	49	80-85	3.9113849236651883	3.344588488087864	0.16946671843069328
2021	49	85	8.552516702085937	7.195492887905577	0.18859358703019358
2021	50	0-30	0.14488508600345706	0.18402296895186657	-0.2126793365595927
2021	50	30-35	0.051318431197938	0.05827030649456838	-0.11930390819685144
2021	50	35-40	0.08959071590279297	0.0916764964328386	-0.022751529685404726
2021	50	40-45	0.19875335137959516	0.15664692256567964	0.26879831486163375
2021	50	45-50	0.36272028840895437	0.3300534161648788	0.09897450122969409
2021	50	50-55	0.5380330938143414	0.46965498167582254	0.14559222153788753
2021	50	55-60	0.7615211996586388	0.7041584809401101	0.08146279604833384
2021	50	60-65	1.1390501831482784	1.0090306223113419	0.1288559117652015
2021	50	65-70	1.6725897041974833	1.3702461941742878	0.2206490419813849
2021	50	70-75	2.7849827978930026	2.526344625750938	0.10237644124470391
2021	50	75-80	3.2269987656706265	2.6760109213754864	0.20589895201620823
2021	50	80-85	3.751211511768863	3.3667344369040313	0.11419881254976194
2021	50	85	8.02112607575986	7.186078235185496	0.11620355543663341
2021	51	0-30	0	0.17964581020924847	-1
2021	51	30-35	0	0.04735988430114106	-1
2021	51	35-40	0	0.08550999825901948	-1
2021	51	40-45	0	0.17108970326658018	-1
2021	51	45-50	0	0.31408511749899704	-1
2021	51	50-55	0	0.48301469586870843	-1
2021	51	55-60	0	0.7242805565258601	-1
2021	51	60-65	0	1.0306571535707856	-1
2021	51	65-70	0	1.3893537335456496	-1
2021	51	70-75	0	2.51833016064836	-1
2021	51	75-80	0	2.673180311531494	-1
2021	51	80-85	0	3.440195855417676	-1
2021	51	85	0	7.328213194249274	-1
2021	52	0-30	0	0.17740650411445158	-1
2021	52	30-35	0	0.055341475376873416	-1
2021	52	35-40	0	0.08293006652588263	-1
2021	52	40-45	0	0.16724947064351237	-1
2021	52	45-50	0	0.3004578478284413	-1
2021	52	50-55	0	0.4745748660591424	-1
2021	52	55-60	0	0.7047950494437379	-1
2021	52	60-65	0	0.9984201289289156	-1
2021	52	65-70	0	1.3555666561968482	-1
2021	52	70-75	0	2.432459636432954	-1
2021	52	75-80	0	2.589714816209963	-1
2021	52	80-85	0	3.3599200805711518	-1
2021	52	85	0	7.380945253380318	-1
2021	53	0-30	0	0	NULL
2021	53	30-35	0	0	NULL
2021	53	35-40	0	0	NULL
2021	53	40-45	0	0	NULL
2021	53	45-50	0	0	NULL
2021	53	50-55	0	0	NULL
2021	53	55-60	0	0	NULL
2021	53	60-65	0	0	NULL
2021	53	65-70	0	0	NULL
2021	53	70-75	0	0	NULL
2021	53	75-80	0	0	NULL
2021	53	80-85	0	0	NULL
2021	53	85	0	0	NULL
