bundesland	jahr_quartal	tote100kWeighted
Baden-Württemberg	2001/1	281.5623550888237
Baden-Württemberg	2001/2	267.6220836079748
Baden-Württemberg	2001/3	260.44676177395905
Baden-Württemberg	2001/4	276.82291954714816
Baden-Württemberg	2002/1	290.7584598815374
Baden-Württemberg	2002/2	275.60645756030976
Baden-Württemberg	2002/3	250.66214876840604
Baden-Württemberg	2002/4	281.5195693207638
Baden-Württemberg	2003/1	314.20251098325235
Baden-Württemberg	2003/2	268.70484222499755
Baden-Württemberg	2003/3	272.83900193933965
Baden-Württemberg	2003/4	266.8157867975106
Baden-Württemberg	2004/1	275.8040302315404
Baden-Württemberg	2004/2	248.43392518925825
Baden-Württemberg	2004/3	236.56936648940905
Baden-Württemberg	2004/4	258.89776669172414
Baden-Württemberg	2005/1	282.30309687288405
Baden-Württemberg	2005/2	245.62316530595626
Baden-Württemberg	2005/3	230.84972760433755
Baden-Württemberg	2005/4	255.0757232162591
Baden-Württemberg	2006/1	257.1949521916926
Baden-Württemberg	2006/2	238.97296386285413
Baden-Württemberg	2006/3	232.918718814108
Baden-Württemberg	2006/4	237.3185852097245
Baden-Württemberg	2007/1	255.68006252954828
Baden-Württemberg	2007/2	232.5644902937057
Baden-Württemberg	2007/3	221.90412183455638
Baden-Württemberg	2007/4	248.61713891148702
Baden-Württemberg	2008/1	264.89557163050017
Baden-Württemberg	2008/2	236.10851709864576
Baden-Württemberg	2008/3	221.21294887246972
Baden-Württemberg	2008/4	240.1812697532889
Baden-Württemberg	2009/1	278.28882396309666
Baden-Württemberg	2009/2	227.25714399051083
Baden-Württemberg	2009/3	212.58069917735537
Baden-Württemberg	2009/4	237.75739541501014
Baden-Württemberg	2010/1	253.00720058843456
Baden-Württemberg	2010/2	228.89940673171577
Baden-Württemberg	2010/3	222.5772457820367
Baden-Württemberg	2010/4	243.29341744761268
Baden-Württemberg	2011/1	253.20125484369674
Baden-Württemberg	2011/2	228.78982742944294
Baden-Württemberg	2011/3	225.09346370062173
Baden-Württemberg	2011/4	246.2314356967222
Baden-Württemberg	2012/1	261.30865050252663
Baden-Württemberg	2012/2	231.3984685227686
Baden-Württemberg	2012/3	220.6261492599166
Baden-Württemberg	2012/4	243.56042318076624
Baden-Württemberg	2013/1	265.4827849719384
Baden-Württemberg	2013/2	231.06524471927682
Baden-Württemberg	2013/3	218.87013507180384
Baden-Württemberg	2013/4	233.60301899621805
Baden-Württemberg	2014/1	237.58137649912385
Baden-Württemberg	2014/2	221.63522969771998
Baden-Württemberg	2014/3	215.91830937890688
Baden-Württemberg	2014/4	234.85103728115428
Baden-Württemberg	2015/1	283.66890359783514
Baden-Württemberg	2015/2	225.65469117797306
Baden-Württemberg	2015/3	221.14376021678294
Baden-Württemberg	2015/4	224.47669655702725
Baden-Württemberg	2016/1	244.50326210502752
Baden-Württemberg	2016/2	221.447714935547
Baden-Württemberg	2016/3	214.89858878611386
Baden-Württemberg	2016/4	242.76840484453146
Baden-Württemberg	2017/1	273.93204654344333
Baden-Württemberg	2017/2	215.83625035424518
Baden-Württemberg	2017/3	212.16883832988773
Baden-Württemberg	2017/4	231.05324372635158
Baden-Württemberg	2018/1	272.9330541657879
Baden-Württemberg	2018/2	218.92460020238855
Baden-Württemberg	2018/3	220.71962322107655
Baden-Württemberg	2018/4	228.36299979741327
Baden-Württemberg	2019/1	255.51843725730203
Baden-Württemberg	2019/2	223.09983548052398
Baden-Württemberg	2019/3	215.52249764398894
Baden-Württemberg	2019/4	233.42271032215632
Baden-Württemberg	2020/1	244.32193526041846
Baden-Württemberg	2020/2	229.77751719417066
Baden-Württemberg	2020/3	212.29664164478086
Baden-Württemberg	2020/4	258.25297200889753
Baden-Württemberg	2021/1	248.3989374917635
Baden-Württemberg	2021/2	230.53329739319898
Baden-Württemberg	2021/3	220.46461659403693
Baden-Württemberg	2021/4	273.9066936395668
Baden-Württemberg	2022/1	255.69971532552182
Baden-Württemberg	2022/2	19.54498045249379
Bayern	2001/1	301.98973315636897
Bayern	2001/2	282.0758775590453
Bayern	2001/3	274.08063452062265
Bayern	2001/4	295.04689774504754
Bayern	2002/1	310.69743567297513
Bayern	2002/2	289.3333772424888
Bayern	2002/3	271.1397359590779
Bayern	2002/4	300.29409884682906
Bayern	2003/1	341.6098221853482
Bayern	2003/2	283.015761313927
Bayern	2003/3	280.67867927542744
Bayern	2003/4	285.90996251042253
Bayern	2004/1	294.93379686537696
Bayern	2004/2	270.92163898153797
Bayern	2004/3	257.452822759512
Bayern	2004/4	278.84104606632036
Bayern	2005/1	308.37262883884745
Bayern	2005/2	266.16750884549623
Bayern	2005/3	250.93907737321192
Bayern	2005/4	275.55404419528475
Bayern	2006/1	283.68924609589357
Bayern	2006/2	259.6989042475204
Bayern	2006/3	253.8581900785313
Bayern	2006/4	265.74500240125104
Bayern	2007/1	276.2656401925666
Bayern	2007/2	249.9005591470047
Bayern	2007/3	240.13679697663937
Bayern	2007/4	269.93542235553844
Bayern	2008/1	284.65523903122534
Bayern	2008/2	255.55269805843105
Bayern	2008/3	235.9378009658633
Bayern	2008/4	263.22203255644115
Bayern	2009/1	297.41663318888766
Bayern	2009/2	244.08490795274787
Bayern	2009/3	232.70594605489907
Bayern	2009/4	258.4493309438188
Bayern	2010/1	270.9283408249819
Bayern	2010/2	244.84817541454242
Bayern	2010/3	240.82086780221124
Bayern	2010/4	263.11837876318435
Bayern	2011/1	269.00274819290223
Bayern	2011/2	244.7715487855549
Bayern	2011/3	236.55304241024962
Bayern	2011/4	263.81015393920495
Bayern	2012/1	276.9449453409949
Bayern	2012/2	247.58309178174605
Bayern	2012/3	229.50368534578828
Bayern	2012/4	256.27991455027876
Bayern	2013/1	284.4971642258959
Bayern	2013/2	246.57575714028414
Bayern	2013/3	227.4299026011748
Bayern	2013/4	243.6784005130971
Bayern	2014/1	252.28194497734177
Bayern	2014/2	231.9527788597375
Bayern	2014/3	222.18387267718788
Bayern	2014/4	246.5662420747208
Bayern	2015/1	296.8996638468843
Bayern	2015/2	237.59177184471116
Bayern	2015/3	234.026740406726
Bayern	2015/4	235.3556898264375
Bayern	2016/1	251.8400251192503
Bayern	2016/2	226.51221725356828
Bayern	2016/3	221.37964028168037
Bayern	2016/4	253.72827149171107
Bayern	2017/1	287.5550201240301
Bayern	2017/2	229.42246931482813
Bayern	2017/3	219.00916421141986
Bayern	2017/4	240.95731259491757
Bayern	2018/1	283.2817782832032
Bayern	2018/2	230.69839232341818
Bayern	2018/3	223.9038438314495
Bayern	2018/4	236.56251616809283
Bayern	2019/1	262.2788456588796
Bayern	2019/2	228.2791358246114
Bayern	2019/3	221.3221358621058
Bayern	2019/4	242.12574703563956
Bayern	2020/1	258.326512370091
Bayern	2020/2	243.25860177495497
Bayern	2020/3	222.91306617132335
Bayern	2020/4	274.9218275583135
Bayern	2021/1	271.598734684694
Bayern	2021/2	236.80015956097483
Bayern	2021/3	230.08799206939955
Bayern	2021/4	294.76006697761613
Bayern	2022/1	272.42307248031466
Bayern	2022/2	20.452816687028385
Berlin	2001/1	312.02176223488595
Berlin	2001/2	295.4522727554632
Berlin	2001/3	285.20763735825756
Berlin	2001/4	297.633957638147
Berlin	2002/1	318.8854105494853
Berlin	2002/2	296.09849767107227
Berlin	2002/3	286.7308350182704
Berlin	2002/4	319.18326372060903
Berlin	2003/1	348.2612594975045
Berlin	2003/2	286.30290283469907
Berlin	2003/3	283.7160007962322
Berlin	2003/4	297.4470740205728
Berlin	2004/1	303.602201444081
Berlin	2004/2	280.2365118601008
Berlin	2004/3	274.59811457274367
Berlin	2004/4	286.61153052108375
Berlin	2005/1	315.4849513945368
Berlin	2005/2	268.30312172648775
Berlin	2005/3	260.1871629629064
Berlin	2005/4	276.25249657203045
Berlin	2006/1	291.3039193260791
Berlin	2006/2	263.7105633528092
Berlin	2006/3	267.30925894591434
Berlin	2006/4	257.06081503538496
Berlin	2007/1	276.85637596010395
Berlin	2007/2	256.3820996233382
Berlin	2007/3	246.7484028741192
Berlin	2007/4	267.0016919428418
Berlin	2008/1	286.0895851856078
Berlin	2008/2	259.7518352185393
Berlin	2008/3	246.9799846178974
Berlin	2008/4	268.00497148740254
Berlin	2009/1	298.4636161647755
Berlin	2009/2	243.75023912773477
Berlin	2009/3	230.10907828223654
Berlin	2009/4	265.87633891614075
Berlin	2010/1	270.3747202339077
Berlin	2010/2	250.7082192578146
Berlin	2010/3	259.5964734770874
Berlin	2010/4	255.11913429496235
Berlin	2011/1	273.54183975515195
Berlin	2011/2	246.78180615477578
Berlin	2011/3	239.958725605259
Berlin	2011/4	270.7278971372788
Berlin	2012/1	277.32235719092415
Berlin	2012/2	253.40988179801698
Berlin	2012/3	240.5746716500727
Berlin	2012/4	262.3620678020727
Berlin	2013/1	289.92760962416224
Berlin	2013/2	253.0132754531108
Berlin	2013/3	239.6464190244691
Berlin	2013/4	245.81556135372855
Berlin	2014/1	252.12357259971012
Berlin	2014/2	237.05849356620377
Berlin	2014/3	237.38913112038412
Berlin	2014/4	256.0965518525054
Berlin	2015/1	282.27494633258124
Berlin	2015/2	247.24517552217026
Berlin	2015/3	242.5463391995432
Berlin	2015/4	245.1368187370741
Berlin	2016/1	269.3698443381998
Berlin	2016/2	231.73822061565687
Berlin	2016/3	225.64040053603168
Berlin	2016/4	256.07848530530646
Berlin	2017/1	288.3643151207918
Berlin	2017/2	229.24423272522122
Berlin	2017/3	219.60740483326666
Berlin	2017/4	240.23128811663983
Berlin	2018/1	293.39479955197413
Berlin	2018/2	236.24785598412035
Berlin	2018/3	237.7567158570681
Berlin	2018/4	240.57855630160563
Berlin	2019/1	259.55761856720096
Berlin	2019/2	232.08517208140597
Berlin	2019/3	221.8883274763777
Berlin	2019/4	232.35720166667284
Berlin	2020/1	250.37913006845304
Berlin	2020/2	236.81676639275238
Berlin	2020/3	230.01729723387731
Berlin	2020/4	288.0387596554517
Berlin	2021/1	277.9285126293167
Berlin	2021/2	241.3551554924122
Berlin	2021/3	229.36273202898516
Berlin	2021/4	265.4984746198774
Berlin	2022/1	269.09078789035317
Berlin	2022/2	19.382171953541206
Brandenburg	2001/1	338.77509201021314
Brandenburg	2001/2	312.8755885930909
Brandenburg	2001/3	309.24748780715083
Brandenburg	2001/4	326.7904698686728
Brandenburg	2002/1	341.7992726329498
Brandenburg	2002/2	324.89817550362244
Brandenburg	2002/3	309.95302460638226
Brandenburg	2002/4	346.0679435322745
Brandenburg	2003/1	380.1679629154423
Brandenburg	2003/2	316.52400254351926
Brandenburg	2003/3	314.5496806460941
Brandenburg	2003/4	321.46397760449514
Brandenburg	2004/1	328.4858375696123
Brandenburg	2004/2	306.07117207221563
Brandenburg	2004/3	291.0696430340813
Brandenburg	2004/4	307.13793012693566
Brandenburg	2005/1	327.0695142403568
Brandenburg	2005/2	291.92714118036804
Brandenburg	2005/3	279.9700918530321
Brandenburg	2005/4	302.47245859474396
Brandenburg	2006/1	304.65570532249416
Brandenburg	2006/2	288.1977152245046
Brandenburg	2006/3	290.3468996888792
Brandenburg	2006/4	283.9017642907397
Brandenburg	2007/1	302.078039421914
Brandenburg	2007/2	288.4886643145182
Brandenburg	2007/3	264.5579784707282
Brandenburg	2007/4	296.06398095539373
Brandenburg	2008/1	301.9295159516883
Brandenburg	2008/2	279.1319441369776
Brandenburg	2008/3	264.49363452341754
Brandenburg	2008/4	285.7720194477744
Brandenburg	2009/1	322.5522983770838
Brandenburg	2009/2	260.7627430582798
Brandenburg	2009/3	258.978026195275
Brandenburg	2009/4	284.121313405372
Brandenburg	2010/1	293.61808459289233
Brandenburg	2010/2	271.05432757344045
Brandenburg	2010/3	275.2491185697941
Brandenburg	2010/4	282.47300712130175
Brandenburg	2011/1	292.3430758816282
Brandenburg	2011/2	267.97195994387545
Brandenburg	2011/3	257.96350275798306
Brandenburg	2011/4	290.5997440336833
Brandenburg	2012/1	290.75166739601195
Brandenburg	2012/2	270.24757182577326
Brandenburg	2012/3	256.79140341647525
Brandenburg	2012/4	282.9560295280699
Brandenburg	2013/1	318.59933060746124
Brandenburg	2013/2	277.41287817772354
Brandenburg	2013/3	257.5539770083794
Brandenburg	2013/4	269.15080194848457
Brandenburg	2014/1	270.5600832685829
Brandenburg	2014/2	258.9592572894425
Brandenburg	2014/3	249.30698266519562
Brandenburg	2014/4	277.4478248510348
Brandenburg	2015/1	304.8282611194277
Brandenburg	2015/2	270.04604263036975
Brandenburg	2015/3	249.0784160911291
Brandenburg	2015/4	262.1750087647354
Brandenburg	2016/1	287.67672277433024
Brandenburg	2016/2	257.4477214390435
Brandenburg	2016/3	242.3697948174497
Brandenburg	2016/4	265.4930640423909
Brandenburg	2017/1	311.89228465976447
Brandenburg	2017/2	250.69567196821606
Brandenburg	2017/3	239.96854653778527
Brandenburg	2017/4	263.45426504754676
Brandenburg	2018/1	315.064028214126
Brandenburg	2018/2	256.861669582251
Brandenburg	2018/3	246.00111880528448
Brandenburg	2018/4	258.4002677389253
Brandenburg	2019/1	275.41198138967803
Brandenburg	2019/2	246.11640153649546
Brandenburg	2019/3	241.2690157904779
Brandenburg	2019/4	260.71342885588314
Brandenburg	2020/1	274.16288996143237
Brandenburg	2020/2	253.75366099039135
Brandenburg	2020/3	246.68216210383954
Brandenburg	2020/4	298.25652224154476
Brandenburg	2021/1	318.47062559090625
Brandenburg	2021/2	272.26196483739403
Brandenburg	2021/3	260.62603234923813
Brandenburg	2021/4	315.59519004147865
Brandenburg	2022/1	296.75349830588124
Brandenburg	2022/2	21.42481412758533
Bremen	2001/1	310.0940711576785
Bremen	2001/2	284.3938983150642
Bremen	2001/3	277.6251073247488
Bremen	2001/4	303.7628029475245
Bremen	2002/1	319.8801663600289
Bremen	2002/2	303.1347576911323
Bremen	2002/3	274.7318028703362
Bremen	2002/4	310.4079303501078
Bremen	2003/1	335.85481605292756
Bremen	2003/2	288.11808015884856
Bremen	2003/3	291.5352895996267
Bremen	2003/4	290.4808602715196
Bremen	2004/1	307.2665977410674
Bremen	2004/2	275.8298089159898
Bremen	2004/3	284.10571734319495
Bremen	2004/4	280.83951707399575
Bremen	2005/1	320.87896974051733
Bremen	2005/2	272.49580718429706
Bremen	2005/3	250.74297420197672
Bremen	2005/4	284.69727775060926
Bremen	2006/1	282.74854802175423
Bremen	2006/2	265.0334366480964
Bremen	2006/3	270.18064586386413
Bremen	2006/4	255.72816131637353
Bremen	2007/1	293.89102034452554
Bremen	2007/2	256.35000603623996
Bremen	2007/3	255.53144039380638
Bremen	2007/4	269.1121933280905
Bremen	2008/1	292.5367936701318
Bremen	2008/2	251.89960017605833
Bremen	2008/3	249.71042067108507
Bremen	2008/4	271.45441814016795
Bremen	2009/1	322.08460980668747
Bremen	2009/2	265.48655099528423
Bremen	2009/3	245.66955252407334
Bremen	2009/4	273.4663342201996
Bremen	2010/1	293.06054731956857
Bremen	2010/2	256.4535381463507
Bremen	2010/3	247.69890925713543
Bremen	2010/4	278.7190733475253
Bremen	2011/1	291.51436411085444
Bremen	2011/2	257.48054674401124
Bremen	2011/3	253.41702301373738
Bremen	2011/4	275.07509808010315
Bremen	2012/1	295.9360443018837
Bremen	2012/2	257.3111789793628
Bremen	2012/3	243.69752098821803
Bremen	2012/4	272.4448132198671
Bremen	2013/1	334.5441284797818
Bremen	2013/2	267.9057072306424
Bremen	2013/3	254.59923969769048
Bremen	2013/4	258.4022090740411
Bremen	2014/1	260.79861883597295
Bremen	2014/2	247.59368514373347
Bremen	2014/3	253.95413842351024
Bremen	2014/4	269.9069397359604
Bremen	2015/1	311.7569735438826
Bremen	2015/2	257.018632172347
Bremen	2015/3	246.68895092002157
Bremen	2015/4	252.2438704514081
Bremen	2016/1	269.88330087976414
Bremen	2016/2	243.10688046714887
Bremen	2016/3	248.8950513739472
Bremen	2016/4	282.63883698043463
Bremen	2017/1	301.73446261058007
Bremen	2017/2	258.7546098058477
Bremen	2017/3	239.69390394347514
Bremen	2017/4	263.26148732901584
Bremen	2018/1	330.5185557154892
Bremen	2018/2	246.15539096128106
Bremen	2018/3	254.44480559537567
Bremen	2018/4	255.96569141943945
Bremen	2019/1	277.32564309873527
Bremen	2019/2	249.9258682187608
Bremen	2019/3	240.4729303860758
Bremen	2019/4	262.3639842198665
Bremen	2020/1	283.1402268211819
Bremen	2020/2	263.9847584673113
Bremen	2020/3	263.6786057375906
Bremen	2020/4	265.8126249812151
Bremen	2021/1	274.83388327800725
Bremen	2021/2	263.1297913133989
Bremen	2021/3	254.46787559113372
Bremen	2021/4	289.5004477362803
Bremen	2022/1	284.2215458172439
Bremen	2022/2	21.398984973134503
Hamburg	2001/1	306.84572608814744
Hamburg	2001/2	283.44719907001576
Hamburg	2001/3	270.24081047985953
Hamburg	2001/4	283.07313612746793
Hamburg	2002/1	299.6676589329572
Hamburg	2002/2	298.89994156781535
Hamburg	2002/3	285.6187032329237
Hamburg	2002/4	308.1566303287746
Hamburg	2003/1	330.5935836459098
Hamburg	2003/2	285.54966012447363
Hamburg	2003/3	278.5776610172848
Hamburg	2003/4	284.7800319991464
Hamburg	2004/1	300.57144198421605
Hamburg	2004/2	280.15238755066775
Hamburg	2004/3	265.47458631906755
Hamburg	2004/4	281.3675689254912
Hamburg	2005/1	303.8479639257617
Hamburg	2005/2	269.4309193962283
Hamburg	2005/3	248.40860685612833
Hamburg	2005/4	270.16418025407546
Hamburg	2006/1	279.14579576837264
Hamburg	2006/2	266.89046272179075
Hamburg	2006/3	256.6967293953601
Hamburg	2006/4	254.86151365741352
Hamburg	2007/1	275.7513823581744
Hamburg	2007/2	252.43944327129097
Hamburg	2007/3	245.97099903755716
Hamburg	2007/4	266.21896918160456
Hamburg	2008/1	275.5837036210631
Hamburg	2008/2	254.71324610515055
Hamburg	2008/3	240.55315835376314
Hamburg	2008/4	261.3812167333698
Hamburg	2009/1	294.5825495681684
Hamburg	2009/2	248.91421110110298
Hamburg	2009/3	232.87807968911008
Hamburg	2009/4	252.09518727930205
Hamburg	2010/1	261.85320255506315
Hamburg	2010/2	243.2418617405796
Hamburg	2010/3	245.04315598566245
Hamburg	2010/4	253.56315845578035
Hamburg	2011/1	271.9190947413446
Hamburg	2011/2	253.88939123150897
Hamburg	2011/3	243.21495453770302
Hamburg	2011/4	261.33150678591625
Hamburg	2012/1	263.87298037816066
Hamburg	2012/2	242.8896137264255
Hamburg	2012/3	237.520256246409
Hamburg	2012/4	264.8764023720196
Hamburg	2013/1	296.81568687092835
Hamburg	2013/2	241.61116724117562
Hamburg	2013/3	229.6840055156634
Hamburg	2013/4	244.2066739680709
Hamburg	2014/1	248.83743487550953
Hamburg	2014/2	236.47900334782733
Hamburg	2014/3	230.33208022075698
Hamburg	2014/4	248.72985809786843
Hamburg	2015/1	289.1767696613698
Hamburg	2015/2	236.5437635187556
Hamburg	2015/3	224.12189192594133
Hamburg	2015/4	245.37255944259866
Hamburg	2016/1	261.3304044578481
Hamburg	2016/2	229.69658481866497
Hamburg	2016/3	220.4622013236601
Hamburg	2016/4	254.76784890304225
Hamburg	2017/1	283.3186206741595
Hamburg	2017/2	230.25506936684147
Hamburg	2017/3	230.08493302761633
Hamburg	2017/4	241.88070473150202
Hamburg	2018/1	288.6050413244436
Hamburg	2018/2	236.97333692421233
Hamburg	2018/3	233.61591897735644
Hamburg	2018/4	251.4829952295105
Hamburg	2019/1	258.9048886263504
Hamburg	2019/2	235.14184186949774
Hamburg	2019/3	221.99308700426062
Hamburg	2019/4	243.9485929351461
Hamburg	2020/1	249.9702962798814
Hamburg	2020/2	245.86371315199477
Hamburg	2020/3	230.63767684215694
Hamburg	2020/4	256.54243022683374
Hamburg	2021/1	271.1188773132583
Hamburg	2021/2	243.68558480886188
Hamburg	2021/3	243.59014969303706
Hamburg	2021/4	270.85089432976366
Hamburg	2022/1	257.6670399767699
Hamburg	2022/2	18.609020509864045
Hessen	2001/1	297.4017252875672
Hessen	2001/2	284.4461221504259
Hessen	2001/3	276.7307906563646
Hessen	2001/4	291.05490505796365
Hessen	2002/1	309.19763105567483
Hessen	2002/2	288.2929394562581
Hessen	2002/3	273.1551206356128
Hessen	2002/4	300.1842276547923
Hessen	2003/1	330.0080390680429
Hessen	2003/2	286.0412695713711
Hessen	2003/3	290.4700158108945
Hessen	2003/4	287.548888928312
Hessen	2004/1	295.53244534304935
Hessen	2004/2	268.6591258289137
Hessen	2004/3	259.5171098748745
Hessen	2004/4	278.2505945006385
Hessen	2005/1	301.65794581111373
Hessen	2005/2	256.76687571944757
Hessen	2005/3	242.3190979600269
Hessen	2005/4	269.23515468418174
Hessen	2006/1	273.3416931505935
Hessen	2006/2	253.78621326544547
Hessen	2006/3	248.25734846215752
Hessen	2006/4	254.07481669416157
Hessen	2007/1	275.18932531939157
Hessen	2007/2	251.91218755829436
Hessen	2007/3	240.99180319211044
Hessen	2007/4	264.64673994351637
Hessen	2008/1	279.64411498973897
Hessen	2008/2	251.4830387583917
Hessen	2008/3	240.07198514671566
Hessen	2008/4	259.62098498659856
Hessen	2009/1	299.66870839691836
Hessen	2009/2	242.60958337094212
Hessen	2009/3	228.4226547743881
Hessen	2009/4	252.4334370310918
Hessen	2010/1	265.92238239614073
Hessen	2010/2	242.26342466643135
Hessen	2010/3	234.53905441441142
Hessen	2010/4	254.39697442935423
Hessen	2011/1	268.8436329398481
Hessen	2011/2	242.87028935595282
Hessen	2011/3	236.10782727184585
Hessen	2011/4	265.4299003507792
Hessen	2012/1	271.8557138107482
Hessen	2012/2	245.7632091238684
Hessen	2012/3	238.1330713090891
Hessen	2012/4	257.8387160171583
Hessen	2013/1	293.35266276389063
Hessen	2013/2	247.8441558864497
Hessen	2013/3	235.66954181473426
Hessen	2013/4	252.2350660280725
Hessen	2014/1	248.35991253224768
Hessen	2014/2	233.71387373389956
Hessen	2014/3	227.73622832025697
Hessen	2014/4	249.45320848191128
Hessen	2015/1	300.0415352648376
Hessen	2015/2	244.29450172865342
Hessen	2015/3	237.5312672087609
Hessen	2015/4	240.1836846860328
Hessen	2016/1	257.08940774160646
Hessen	2016/2	234.82038341147975
Hessen	2016/3	224.5920018843545
Hessen	2016/4	252.00606192091735
Hessen	2017/1	290.1575040753245
Hessen	2017/2	232.72790493477558
Hessen	2017/3	228.8575464281341
Hessen	2017/4	243.3481672544752
Hessen	2018/1	288.0907555279684
Hessen	2018/2	232.14833616413713
Hessen	2018/3	237.7236798050973
Hessen	2018/4	244.55492169109357
Hessen	2019/1	265.7096749479829
Hessen	2019/2	235.36953589727054
Hessen	2019/3	228.39461011534294
Hessen	2019/4	247.0573797661539
Hessen	2020/1	256.67096360322137
Hessen	2020/2	238.09303354444782
Hessen	2020/3	232.182203652983
Hessen	2020/4	280.73482782861066
Hessen	2021/1	283.98907290074544
Hessen	2021/2	247.47559928405485
Hessen	2021/3	235.5365599230773
Hessen	2021/4	277.40897256225225
Hessen	2022/1	270.1466875813049
Hessen	2022/2	20.626014496456982
Mecklenburg-Vorpomme	2001/1	343.99849866253965
Mecklenburg-Vorpomme	2001/2	328.4658080900403
Mecklenburg-Vorpomme	2001/3	315.06190058352223
Mecklenburg-Vorpomme	2001/4	316.10573977414185
Mecklenburg-Vorpomme	2002/1	336.4423220563315
Mecklenburg-Vorpomme	2002/2	327.18405606398125
Mecklenburg-Vorpomme	2002/3	311.6252263759524
Mecklenburg-Vorpomme	2002/4	332.8641420195541
Mecklenburg-Vorpomme	2003/1	382.76759832690914
Mecklenburg-Vorpomme	2003/2	322.94690767370804
Mecklenburg-Vorpomme	2003/3	303.37287641671384
Mecklenburg-Vorpomme	2003/4	322.94725666789316
Mecklenburg-Vorpomme	2004/1	326.4269975169025
Mecklenburg-Vorpomme	2004/2	302.8758766857874
Mecklenburg-Vorpomme	2004/3	295.47479122252395
Mecklenburg-Vorpomme	2004/4	319.88891777971224
Mecklenburg-Vorpomme	2005/1	333.5842424098488
Mecklenburg-Vorpomme	2005/2	292.7818636391269
Mecklenburg-Vorpomme	2005/3	286.28248244524553
Mecklenburg-Vorpomme	2005/4	307.16341850096626
Mecklenburg-Vorpomme	2006/1	299.5079323626592
Mecklenburg-Vorpomme	2006/2	292.98989919373753
Mecklenburg-Vorpomme	2006/3	282.4510142479868
Mecklenburg-Vorpomme	2006/4	290.96065993141605
Mecklenburg-Vorpomme	2007/1	311.6006129658177
Mecklenburg-Vorpomme	2007/2	283.03369491424473
Mecklenburg-Vorpomme	2007/3	270.9839863745057
Mecklenburg-Vorpomme	2007/4	295.9574964689711
Mecklenburg-Vorpomme	2008/1	297.81796576993366
Mecklenburg-Vorpomme	2008/2	283.7357749644404
Mecklenburg-Vorpomme	2008/3	265.7123421860149
Mecklenburg-Vorpomme	2008/4	293.73562771630515
Mecklenburg-Vorpomme	2009/1	321.36284559850077
Mecklenburg-Vorpomme	2009/2	272.51901280400244
Mecklenburg-Vorpomme	2009/3	275.40700350295594
Mecklenburg-Vorpomme	2009/4	286.462430166752
Mecklenburg-Vorpomme	2010/1	307.9818042092
Mecklenburg-Vorpomme	2010/2	272.8598830109177
Mecklenburg-Vorpomme	2010/3	282.5349407913112
Mecklenburg-Vorpomme	2010/4	291.67631048468553
Mecklenburg-Vorpomme	2011/1	303.56222091339384
Mecklenburg-Vorpomme	2011/2	277.26254655271566
Mecklenburg-Vorpomme	2011/3	268.7633664922513
Mecklenburg-Vorpomme	2011/4	291.5555118581394
Mecklenburg-Vorpomme	2012/1	297.6291486113995
Mecklenburg-Vorpomme	2012/2	283.59854911443887
Mecklenburg-Vorpomme	2012/3	265.09850236698463
Mecklenburg-Vorpomme	2012/4	287.20011615601646
Mecklenburg-Vorpomme	2013/1	328.3211126900478
Mecklenburg-Vorpomme	2013/2	289.1425292790007
Mecklenburg-Vorpomme	2013/3	264.34958885734954
Mecklenburg-Vorpomme	2013/4	280.7538561466694
Mecklenburg-Vorpomme	2014/1	271.9176423250057
Mecklenburg-Vorpomme	2014/2	259.0737291899889
Mecklenburg-Vorpomme	2014/3	260.89936574153904
Mecklenburg-Vorpomme	2014/4	278.6801829736325
Mecklenburg-Vorpomme	2015/1	311.4181518694918
Mecklenburg-Vorpomme	2015/2	277.59296157185986
Mecklenburg-Vorpomme	2015/3	255.83162360272067
Mecklenburg-Vorpomme	2015/4	274.1955443975252
Mecklenburg-Vorpomme	2016/1	299.3960891272713
Mecklenburg-Vorpomme	2016/2	259.8345744508094
Mecklenburg-Vorpomme	2016/3	253.34093330645996
Mecklenburg-Vorpomme	2016/4	276.4236613857779
Mecklenburg-Vorpomme	2017/1	304.43231028133164
Mecklenburg-Vorpomme	2017/2	259.5170228589605
Mecklenburg-Vorpomme	2017/3	247.63753962604045
Mecklenburg-Vorpomme	2017/4	270.3207964163026
Mecklenburg-Vorpomme	2018/1	330.63856404730143
Mecklenburg-Vorpomme	2018/2	269.25504039440807
Mecklenburg-Vorpomme	2018/3	258.9023860445128
Mecklenburg-Vorpomme	2018/4	270.4418860907548
Mecklenburg-Vorpomme	2019/1	292.3663736757522
Mecklenburg-Vorpomme	2019/2	268.5713384462099
Mecklenburg-Vorpomme	2019/3	259.45744618739246
Mecklenburg-Vorpomme	2019/4	272.16619279383895
Mecklenburg-Vorpomme	2020/1	279.44683865430954
Mecklenburg-Vorpomme	2020/2	260.0905484656209
Mecklenburg-Vorpomme	2020/3	258.4211155780912
Mecklenburg-Vorpomme	2020/4	279.162567218748
Mecklenburg-Vorpomme	2021/1	312.1704282396314
Mecklenburg-Vorpomme	2021/2	283.0746294680349
Mecklenburg-Vorpomme	2021/3	274.0133781431293
Mecklenburg-Vorpomme	2021/4	320.60532852138067
Mecklenburg-Vorpomme	2022/1	325.9222260475827
Mecklenburg-Vorpomme	2022/2	25.43998362038326
Niedersachsen	2001/1	310.87387973658326
Niedersachsen	2001/2	296.06024520440695
Niedersachsen	2001/3	283.54943054169223
Niedersachsen	2001/4	303.3506500981105
Niedersachsen	2002/1	313.52249753874776
Niedersachsen	2002/2	295.54277853416755
Niedersachsen	2002/3	286.1915512617014
Niedersachsen	2002/4	311.3912780245215
Niedersachsen	2003/1	346.01411532599764
Niedersachsen	2003/2	296.35255287987883
Niedersachsen	2003/3	292.17766494478127
Niedersachsen	2003/4	297.143912785859
Niedersachsen	2004/1	301.8480114528081
Niedersachsen	2004/2	279.2087349602417
Niedersachsen	2004/3	271.67937782282576
Niedersachsen	2004/4	290.1657403157724
Niedersachsen	2005/1	317.59832025727786
Niedersachsen	2005/2	275.65756882139766
Niedersachsen	2005/3	257.09513972971223
Niedersachsen	2005/4	285.36350608986515
Niedersachsen	2006/1	289.6526531254623
Niedersachsen	2006/2	267.8983663822809
Niedersachsen	2006/3	266.91859845819044
Niedersachsen	2006/4	266.40574809493035
Niedersachsen	2007/1	279.60949186837394
Niedersachsen	2007/2	262.95596326003164
Niedersachsen	2007/3	248.90251506860866
Niedersachsen	2007/4	281.4670762958888
Niedersachsen	2008/1	292.4192272635466
Niedersachsen	2008/2	267.45535492879674
Niedersachsen	2008/3	253.38814922489763
Niedersachsen	2008/4	276.8214001915089
Niedersachsen	2009/1	314.47100802846705
Niedersachsen	2009/2	259.1533133116461
Niedersachsen	2009/3	242.75145210818508
Niedersachsen	2009/4	266.69952189849874
Niedersachsen	2010/1	281.4671644562618
Niedersachsen	2010/2	259.66608822758576
Niedersachsen	2010/3	253.66810085444962
Niedersachsen	2010/4	270.54560129317065
Niedersachsen	2011/1	282.40122060986465
Niedersachsen	2011/2	258.76365101763986
Niedersachsen	2011/3	249.38369448151298
Niedersachsen	2011/4	278.9475098448976
Niedersachsen	2012/1	282.5317360783251
Niedersachsen	2012/2	257.63639848942057
Niedersachsen	2012/3	246.96576581176575
Niedersachsen	2012/4	276.3689702061944
Niedersachsen	2013/1	316.71125298651793
Niedersachsen	2013/2	267.8672831205462
Niedersachsen	2013/3	243.6713476194861
Niedersachsen	2013/4	260.7457872611648
Niedersachsen	2014/1	263.3377859562595
Niedersachsen	2014/2	250.56998427300888
Niedersachsen	2014/3	247.3019460165174
Niedersachsen	2014/4	266.6670796623841
Niedersachsen	2015/1	303.24013390130716
Niedersachsen	2015/2	257.2275464412435
Niedersachsen	2015/3	242.11235087753465
Niedersachsen	2015/4	259.9553563279047
Niedersachsen	2016/1	282.8082629264303
Niedersachsen	2016/2	251.86794986492214
Niedersachsen	2016/3	239.91755730667427
Niedersachsen	2016/4	269.3957433013532
Niedersachsen	2017/1	306.34413830521714
Niedersachsen	2017/2	245.45220762587118
Niedersachsen	2017/3	239.34046773223065
Niedersachsen	2017/4	260.93287971739994
Niedersachsen	2018/1	319.84986876484913
Niedersachsen	2018/2	250.02593232814172
Niedersachsen	2018/3	249.7328218219758
Niedersachsen	2018/4	255.12685418816196
Niedersachsen	2019/1	279.3904567633663
Niedersachsen	2019/2	252.68359902307924
Niedersachsen	2019/3	242.8676036997398
Niedersachsen	2019/4	260.1053061864115
Niedersachsen	2020/1	277.1964400439495
Niedersachsen	2020/2	253.9484350723145
Niedersachsen	2020/3	246.52304875828972
Niedersachsen	2020/4	268.77701855438625
Niedersachsen	2021/1	283.5959659639184
Niedersachsen	2021/2	258.2222216609279
Niedersachsen	2021/3	253.81850832118076
Niedersachsen	2021/4	287.4876078538492
Niedersachsen	2022/1	287.8335576108469
Niedersachsen	2022/2	23.694371199436556
Nordrhein-Westfalen	2001/1	316.99626868778137
Nordrhein-Westfalen	2001/2	297.900992139884
Nordrhein-Westfalen	2001/3	290.38749873541724
Nordrhein-Westfalen	2001/4	303.65908089114873
Nordrhein-Westfalen	2002/1	324.7109076298308
Nordrhein-Westfalen	2002/2	303.76368409368854
Nordrhein-Westfalen	2002/3	285.58887083822714
Nordrhein-Westfalen	2002/4	316.77626978605207
Nordrhein-Westfalen	2003/1	343.8297859149164
Nordrhein-Westfalen	2003/2	299.73435520723865
Nordrhein-Westfalen	2003/3	302.15837238397563
Nordrhein-Westfalen	2003/4	298.26368164426646
Nordrhein-Westfalen	2004/1	316.3866375204276
Nordrhein-Westfalen	2004/2	286.4172590874233
Nordrhein-Westfalen	2004/3	275.4192144549468
Nordrhein-Westfalen	2004/4	293.65262483623485
Nordrhein-Westfalen	2005/1	329.2190196945326
Nordrhein-Westfalen	2005/2	280.0035278628763
Nordrhein-Westfalen	2005/3	262.3144874672502
Nordrhein-Westfalen	2005/4	283.0303587448089
Nordrhein-Westfalen	2006/1	293.6116316498035
Nordrhein-Westfalen	2006/2	270.8960106817895
Nordrhein-Westfalen	2006/3	276.15106737730684
Nordrhein-Westfalen	2006/4	267.91661967019365
Nordrhein-Westfalen	2007/1	290.9007092911759
Nordrhein-Westfalen	2007/2	265.4441619607824
Nordrhein-Westfalen	2007/3	255.7621205438142
Nordrhein-Westfalen	2007/4	282.79963089526757
Nordrhein-Westfalen	2008/1	298.51473756720833
Nordrhein-Westfalen	2008/2	270.80888274684037
Nordrhein-Westfalen	2008/3	256.2864818009711
Nordrhein-Westfalen	2008/4	280.2427558761974
Nordrhein-Westfalen	2009/1	315.44782038315645
Nordrhein-Westfalen	2009/2	259.8424538235807
Nordrhein-Westfalen	2009/3	250.1829417694724
Nordrhein-Westfalen	2009/4	271.1042178298312
Nordrhein-Westfalen	2010/1	286.68458058355026
Nordrhein-Westfalen	2010/2	264.7969989974438
Nordrhein-Westfalen	2010/3	260.1042818897473
Nordrhein-Westfalen	2010/4	274.3955363680977
Nordrhein-Westfalen	2011/1	282.5449325723664
Nordrhein-Westfalen	2011/2	259.28243158846584
Nordrhein-Westfalen	2011/3	250.07251414062762
Nordrhein-Westfalen	2011/4	276.92396100368813
Nordrhein-Westfalen	2012/1	284.23381753945733
Nordrhein-Westfalen	2012/2	262.15013742039537
Nordrhein-Westfalen	2012/3	252.9750845590229
Nordrhein-Westfalen	2012/4	273.51494461296465
Nordrhein-Westfalen	2013/1	318.4281853542899
Nordrhein-Westfalen	2013/2	268.22650644535906
Nordrhein-Westfalen	2013/3	244.42967965108693
Nordrhein-Westfalen	2013/4	260.5410827992425
Nordrhein-Westfalen	2014/1	263.2060613042713
Nordrhein-Westfalen	2014/2	248.72887714304474
Nordrhein-Westfalen	2014/3	248.53395603332703
Nordrhein-Westfalen	2014/4	265.53520269779847
Nordrhein-Westfalen	2015/1	312.0180067150227
Nordrhein-Westfalen	2015/2	256.41221486278005
Nordrhein-Westfalen	2015/3	244.39192154549204
Nordrhein-Westfalen	2015/4	254.47059232790562
Nordrhein-Westfalen	2016/1	276.6665632652901
Nordrhein-Westfalen	2016/2	251.05170617580106
Nordrhein-Westfalen	2016/3	244.48895724962017
Nordrhein-Westfalen	2016/4	266.57271100153673
Nordrhein-Westfalen	2017/1	302.59912961795226
Nordrhein-Westfalen	2017/2	247.21618299060947
Nordrhein-Westfalen	2017/3	235.78865599578714
Nordrhein-Westfalen	2017/4	260.3956618293366
Nordrhein-Westfalen	2018/1	318.1330289859295
Nordrhein-Westfalen	2018/2	251.47756317354614
Nordrhein-Westfalen	2018/3	252.37986010360822
Nordrhein-Westfalen	2018/4	252.19559064583135
Nordrhein-Westfalen	2019/1	282.36873500469153
Nordrhein-Westfalen	2019/2	250.14652658532688
Nordrhein-Westfalen	2019/3	243.29597242668024
Nordrhein-Westfalen	2019/4	259.262078996601
Nordrhein-Westfalen	2020/1	274.5605945524261
Nordrhein-Westfalen	2020/2	253.74072781986936
Nordrhein-Westfalen	2020/3	247.9032147219985
Nordrhein-Westfalen	2020/4	280.6869773593027
Nordrhein-Westfalen	2021/1	284.56400183592274
Nordrhein-Westfalen	2021/2	261.85971421024317
Nordrhein-Westfalen	2021/3	252.2813166706351
Nordrhein-Westfalen	2021/4	291.48656331113443
Nordrhein-Westfalen	2022/1	289.6502708314673
Nordrhein-Westfalen	2022/2	22.246831587919647
Rheinland-Pfalz	2001/1	314.99165289890664
Rheinland-Pfalz	2001/2	293.100694395225
Rheinland-Pfalz	2001/3	286.26258656844396
Rheinland-Pfalz	2001/4	301.33701696773346
Rheinland-Pfalz	2002/1	326.33300783101873
Rheinland-Pfalz	2002/2	298.2065360024424
Rheinland-Pfalz	2002/3	272.49671926731395
Rheinland-Pfalz	2002/4	307.6608572004848
Rheinland-Pfalz	2003/1	334.2745996521297
Rheinland-Pfalz	2003/2	297.01130346209226
Rheinland-Pfalz	2003/3	307.80443051243486
Rheinland-Pfalz	2003/4	299.03429516718285
Rheinland-Pfalz	2004/1	310.03616513954785
Rheinland-Pfalz	2004/2	275.14258537083754
Rheinland-Pfalz	2004/3	268.41432200287153
Rheinland-Pfalz	2004/4	284.3085825420219
Rheinland-Pfalz	2005/1	324.35609954610385
Rheinland-Pfalz	2005/2	278.2082156805182
Rheinland-Pfalz	2005/3	257.20332812796283
Rheinland-Pfalz	2005/4	280.7420390714021
Rheinland-Pfalz	2006/1	285.2295314138486
Rheinland-Pfalz	2006/2	267.02893709091995
Rheinland-Pfalz	2006/3	268.4163683261046
Rheinland-Pfalz	2006/4	268.5645292349322
Rheinland-Pfalz	2007/1	287.7357228766807
Rheinland-Pfalz	2007/2	264.7747120444317
Rheinland-Pfalz	2007/3	244.26638104938579
Rheinland-Pfalz	2007/4	276.5873885466594
Rheinland-Pfalz	2008/1	286.7822179297512
Rheinland-Pfalz	2008/2	263.68702675721704
Rheinland-Pfalz	2008/3	253.18885781806267
Rheinland-Pfalz	2008/4	271.55249846159774
Rheinland-Pfalz	2009/1	319.9651754519288
Rheinland-Pfalz	2009/2	255.15078851949892
Rheinland-Pfalz	2009/3	245.66760705604196
Rheinland-Pfalz	2009/4	265.209364170963
Rheinland-Pfalz	2010/1	280.1990022468234
Rheinland-Pfalz	2010/2	257.13151515396385
Rheinland-Pfalz	2010/3	247.7389006021462
Rheinland-Pfalz	2010/4	270.3954064639966
Rheinland-Pfalz	2011/1	285.50659629306597
Rheinland-Pfalz	2011/2	255.6551230221029
Rheinland-Pfalz	2011/3	251.61071842508318
Rheinland-Pfalz	2011/4	273.9858771482081
Rheinland-Pfalz	2012/1	280.3342492489176
Rheinland-Pfalz	2012/2	261.3859071767995
Rheinland-Pfalz	2012/3	250.0598259087433
Rheinland-Pfalz	2012/4	270.5256005671048
Rheinland-Pfalz	2013/1	313.3802482665107
Rheinland-Pfalz	2013/2	260.19655067280684
Rheinland-Pfalz	2013/3	244.4178528920079
Rheinland-Pfalz	2013/4	253.7364838278072
Rheinland-Pfalz	2014/1	264.9572292266184
Rheinland-Pfalz	2014/2	246.7478416303744
Rheinland-Pfalz	2014/3	241.3132040622555
Rheinland-Pfalz	2014/4	262.8569963653768
Rheinland-Pfalz	2015/1	314.8054385868611
Rheinland-Pfalz	2015/2	244.50906508017522
Rheinland-Pfalz	2015/3	245.184545449495
Rheinland-Pfalz	2015/4	245.9090061019829
Rheinland-Pfalz	2016/1	270.8652497753834
Rheinland-Pfalz	2016/2	243.95101772351182
Rheinland-Pfalz	2016/3	235.22560235718504
Rheinland-Pfalz	2016/4	260.04158375667794
Rheinland-Pfalz	2017/1	300.82064141651955
Rheinland-Pfalz	2017/2	247.76541076792762
Rheinland-Pfalz	2017/3	235.17544561806662
Rheinland-Pfalz	2017/4	255.26600587645487
Rheinland-Pfalz	2018/1	307.54839070696596
Rheinland-Pfalz	2018/2	248.52591944073694
Rheinland-Pfalz	2018/3	245.4330345283089
Rheinland-Pfalz	2018/4	252.32018347738386
Rheinland-Pfalz	2019/1	283.051840124974
Rheinland-Pfalz	2019/2	245.46161374980196
Rheinland-Pfalz	2019/3	238.95652816459193
Rheinland-Pfalz	2019/4	256.22274607769265
Rheinland-Pfalz	2020/1	269.02343731107976
Rheinland-Pfalz	2020/2	247.389259378754
Rheinland-Pfalz	2020/3	240.59522643169282
Rheinland-Pfalz	2020/4	281.37185304914937
Rheinland-Pfalz	2021/1	278.1316207063526
Rheinland-Pfalz	2021/2	252.43428448458207
Rheinland-Pfalz	2021/3	254.39457662498856
Rheinland-Pfalz	2021/4	288.6892736430773
Rheinland-Pfalz	2022/1	286.61429302733995
Rheinland-Pfalz	2022/2	22.83690144232117
Saarland	2001/1	341.298225002451
Saarland	2001/2	328.44136578654775
Saarland	2001/3	310.56987632641074
Saarland	2001/4	321.73110395830315
Saarland	2002/1	351.1664168274018
Saarland	2002/2	319.183861112926
Saarland	2002/3	302.6123834834028
Saarland	2002/4	330.60522097981465
Saarland	2003/1	375.9710864159851
Saarland	2003/2	322.4351981751278
Saarland	2003/3	334.41855911275496
Saarland	2003/4	321.27430770699516
Saarland	2004/1	330.8108513299594
Saarland	2004/2	294.55496549791866
Saarland	2004/3	290.4405808387012
Saarland	2004/4	317.21934462414504
Saarland	2005/1	341.5128330121534
Saarland	2005/2	310.0912590513883
Saarland	2005/3	284.7394678309605
Saarland	2005/4	302.9565133166101
Saarland	2006/1	321.7705373414357
Saarland	2006/2	291.2743581746904
Saarland	2006/3	296.2691770090611
Saarland	2006/4	294.36274230140407
Saarland	2007/1	302.0414557158068
Saarland	2007/2	289.95999974908807
Saarland	2007/3	286.7769121807832
Saarland	2007/4	308.81561230795444
Saarland	2008/1	320.0844857781829
Saarland	2008/2	292.8790099817376
Saarland	2008/3	274.1550491416364
Saarland	2008/4	302.2344550629738
Saarland	2009/1	346.21918032899697
Saarland	2009/2	278.99590475097216
Saarland	2009/3	263.42455025494667
Saarland	2009/4	286.29674707956235
Saarland	2010/1	296.28581922666706
Saarland	2010/2	281.37769743315965
Saarland	2010/3	271.501360510394
Saarland	2010/4	285.53810024746525
Saarland	2011/1	302.9057287512529
Saarland	2011/2	282.10607201818266
Saarland	2011/3	267.3149870476377
Saarland	2011/4	291.51090274634896
Saarland	2012/1	309.10097947177485
Saarland	2012/2	264.9828149081183
Saarland	2012/3	259.78127224903
Saarland	2012/4	283.9319938038981
Saarland	2013/1	329.7080650763922
Saarland	2013/2	283.7093544478712
Saarland	2013/3	263.5041414773742
Saarland	2013/4	275.45259500331554
Saarland	2014/1	293.6050524562832
Saarland	2014/2	266.28506407949055
Saarland	2014/3	257.11845210987684
Saarland	2014/4	281.98330425139966
Saarland	2015/1	347.1442055227515
Saarland	2015/2	263.95823278807745
Saarland	2015/3	279.6290246773656
Saarland	2015/4	268.3390692590969
Saarland	2016/1	283.4318341468027
Saarland	2016/2	263.59847510600093
Saarland	2016/3	259.5993365325928
Saarland	2016/4	286.93993840922303
Saarland	2017/1	320.4349522375592
Saarland	2017/2	265.16083169928993
Saarland	2017/3	258.06460274366077
Saarland	2017/4	274.0020767503192
Saarland	2018/1	351.1751589406582
Saarland	2018/2	275.60097996225664
Saarland	2018/3	275.3434518203639
Saarland	2018/4	269.5359298856914
Saarland	2019/1	298.9781682731591
Saarland	2019/2	285.88225683509637
Saarland	2019/3	265.5409277425414
Saarland	2019/4	280.90403404784917
Saarland	2020/1	299.5707684372838
Saarland	2020/2	267.4192701972674
Saarland	2020/3	261.39449349812446
Saarland	2020/4	307.87801448211576
Saarland	2021/1	309.7893754586938
Saarland	2021/2	270.81361444656744
Saarland	2021/3	269.97389838623445
Saarland	2021/4	329.49291433183424
Saarland	2022/1	316.5014352897165
Saarland	2022/2	24.33590764453414
Sachsen	2001/1	318.8779458311957
Sachsen	2001/2	300.9859088724997
Sachsen	2001/3	287.08528541516966
Sachsen	2001/4	310.1762173858541
Sachsen	2002/1	320.1659111022279
Sachsen	2002/2	304.93276670306375
Sachsen	2002/3	297.04168451218055
Sachsen	2002/4	324.82946895449805
Sachsen	2003/1	363.90387228740263
Sachsen	2003/2	304.70732077424447
Sachsen	2003/3	297.1584815234371
Sachsen	2003/4	302.8486864299329
Sachsen	2004/1	314.71150529625356
Sachsen	2004/2	285.031865080537
Sachsen	2004/3	278.14016198270195
Sachsen	2004/4	290.40709358896885
Sachsen	2005/1	312.6858621777984
Sachsen	2005/2	278.95099480641585
Sachsen	2005/3	259.3106845452846
Sachsen	2005/4	288.9733839561447
Sachsen	2006/1	288.1762161238196
Sachsen	2006/2	270.9090550389387
Sachsen	2006/3	263.93608318735915
Sachsen	2006/4	267.33608952425146
Sachsen	2007/1	287.4576537603506
Sachsen	2007/2	267.6011857597791
Sachsen	2007/3	255.1870843993374
Sachsen	2007/4	277.81093005620886
Sachsen	2008/1	284.69033956207267
Sachsen	2008/2	262.82724767357246
Sachsen	2008/3	247.27430614871582
Sachsen	2008/4	271.6672848974054
Sachsen	2009/1	310.6546917658416
Sachsen	2009/2	255.91724015500844
Sachsen	2009/3	246.52146626241563
Sachsen	2009/4	265.9769798454442
Sachsen	2010/1	281.91880618898665
Sachsen	2010/2	263.7695182601226
Sachsen	2010/3	257.02423100655886
Sachsen	2010/4	270.9342102954119
Sachsen	2011/1	286.7287911666947
Sachsen	2011/2	255.3979494319634
Sachsen	2011/3	248.30227433829367
Sachsen	2011/4	274.4233592014446
Sachsen	2012/1	286.04528085589106
Sachsen	2012/2	258.2806776004476
Sachsen	2012/3	240.98322499860814
Sachsen	2012/4	273.6788752644209
Sachsen	2013/1	305.57232488548516
Sachsen	2013/2	267.46372858592787
Sachsen	2013/3	242.38896410921026
Sachsen	2013/4	261.75090961817085
Sachsen	2014/1	262.9188888318498
Sachsen	2014/2	244.91509879320378
Sachsen	2014/3	244.43652716383505
Sachsen	2014/4	261.0161148305983
Sachsen	2015/1	305.77655507622643
Sachsen	2015/2	249.3646184980989
Sachsen	2015/3	246.14818777894658
Sachsen	2015/4	251.73517221003692
Sachsen	2016/1	269.8499350203502
Sachsen	2016/2	240.92988164643225
Sachsen	2016/3	236.67647012012264
Sachsen	2016/4	262.164976021926
Sachsen	2017/1	299.65088502961777
Sachsen	2017/2	239.3820812633883
Sachsen	2017/3	234.19656999814015
Sachsen	2017/4	250.23003098157727
Sachsen	2018/1	312.01473150716004
Sachsen	2018/2	247.10365085492057
Sachsen	2018/3	242.86749317115724
Sachsen	2018/4	244.33289237496476
Sachsen	2019/1	267.79685978588446
Sachsen	2019/2	246.00479558045413
Sachsen	2019/3	236.35554814306198
Sachsen	2019/4	251.47784321301006
Sachsen	2020/1	266.5967013334831
Sachsen	2020/2	243.2145677371363
Sachsen	2020/3	238.15285053516433
Sachsen	2020/4	352.35606219769943
Sachsen	2021/1	323.67942993049877
Sachsen	2021/2	263.27134755563264
Sachsen	2021/3	231.3431667008846
Sachsen	2021/4	344.62326157364055
Sachsen	2022/1	273.88091222701246
Sachsen	2022/2	22.51410366615353
Sachsen-Anhalt	2001/1	351.9673955018533
Sachsen-Anhalt	2001/2	324.59459517528666
Sachsen-Anhalt	2001/3	331.1416747186383
Sachsen-Anhalt	2001/4	337.0114453895669
Sachsen-Anhalt	2002/1	352.2592404130874
Sachsen-Anhalt	2002/2	338.11811475343194
Sachsen-Anhalt	2002/3	329.10596802909157
Sachsen-Anhalt	2002/4	357.93701692497956
Sachsen-Anhalt	2003/1	379.30976424962995
Sachsen-Anhalt	2003/2	330.57882635281186
Sachsen-Anhalt	2003/3	322.0320516273802
Sachsen-Anhalt	2003/4	324.8492690817376
Sachsen-Anhalt	2004/1	341.88247595381176
Sachsen-Anhalt	2004/2	318.10112397565536
Sachsen-Anhalt	2004/3	301.4542295670606
Sachsen-Anhalt	2004/4	321.11830539262786
Sachsen-Anhalt	2005/1	341.47411185763116
Sachsen-Anhalt	2005/2	311.42945787075075
Sachsen-Anhalt	2005/3	284.9736140606939
Sachsen-Anhalt	2005/4	317.71340528947377
Sachsen-Anhalt	2006/1	321.86076642846115
Sachsen-Anhalt	2006/2	297.4293275108494
Sachsen-Anhalt	2006/3	300.07111350127064
Sachsen-Anhalt	2006/4	296.0317232334057
Sachsen-Anhalt	2007/1	315.4789780608247
Sachsen-Anhalt	2007/2	301.19403370510446
Sachsen-Anhalt	2007/3	278.19106735421195
Sachsen-Anhalt	2007/4	308.1486087017742
Sachsen-Anhalt	2008/1	324.75891152568573
Sachsen-Anhalt	2008/2	300.24263741438904
Sachsen-Anhalt	2008/3	277.1244852880121
Sachsen-Anhalt	2008/4	303.03805276015527
Sachsen-Anhalt	2009/1	349.96255017602596
Sachsen-Anhalt	2009/2	290.1967235619218
Sachsen-Anhalt	2009/3	273.4735273065307
Sachsen-Anhalt	2009/4	298.9379973765668
Sachsen-Anhalt	2010/1	326.15391029872524
Sachsen-Anhalt	2010/2	290.27262019250367
Sachsen-Anhalt	2010/3	286.4682870803116
Sachsen-Anhalt	2010/4	303.45036912757314
Sachsen-Anhalt	2011/1	319.60799407752114
Sachsen-Anhalt	2011/2	286.54490346095935
Sachsen-Anhalt	2011/3	273.4044480506793
Sachsen-Anhalt	2011/4	309.5108162606065
Sachsen-Anhalt	2012/1	304.88897464261015
Sachsen-Anhalt	2012/2	293.87117971018006
Sachsen-Anhalt	2012/3	275.91655424943076
Sachsen-Anhalt	2012/4	300.7439067635828
Sachsen-Anhalt	2013/1	341.58472928714446
Sachsen-Anhalt	2013/2	298.9845028562504
Sachsen-Anhalt	2013/3	272.17767971373604
Sachsen-Anhalt	2013/4	287.42201903422426
Sachsen-Anhalt	2014/1	301.9606704379884
Sachsen-Anhalt	2014/2	279.0298510560965
Sachsen-Anhalt	2014/3	273.89522564125656
Sachsen-Anhalt	2014/4	297.85795593162675
Sachsen-Anhalt	2015/1	340.15151611423545
Sachsen-Anhalt	2015/2	291.5046884069307
Sachsen-Anhalt	2015/3	272.03085559303025
Sachsen-Anhalt	2015/4	283.3344457180664
Sachsen-Anhalt	2016/1	305.1802284173369
Sachsen-Anhalt	2016/2	278.1369580348301
Sachsen-Anhalt	2016/3	264.32338724381384
Sachsen-Anhalt	2016/4	285.1382947559607
Sachsen-Anhalt	2017/1	337.45549540497694
Sachsen-Anhalt	2017/2	275.03174177539614
Sachsen-Anhalt	2017/3	267.64888440717175
Sachsen-Anhalt	2017/4	290.2020892049681
Sachsen-Anhalt	2018/1	355.1653420874291
Sachsen-Anhalt	2018/2	285.1502208494206
Sachsen-Anhalt	2018/3	270.15912880131566
Sachsen-Anhalt	2018/4	277.786969344469
Sachsen-Anhalt	2019/1	306.93641749394703
Sachsen-Anhalt	2019/2	275.2370883757221
Sachsen-Anhalt	2019/3	262.40513287297085
Sachsen-Anhalt	2019/4	282.3586147486581
Sachsen-Anhalt	2020/1	301.43034334654857
Sachsen-Anhalt	2020/2	272.2495077746593
Sachsen-Anhalt	2020/3	270.0081445716532
Sachsen-Anhalt	2020/4	311.3965600847157
Sachsen-Anhalt	2021/1	362.60583273973157
Sachsen-Anhalt	2021/2	301.33097644634967
Sachsen-Anhalt	2021/3	275.0317778751964
Sachsen-Anhalt	2021/4	343.15501156143984
Sachsen-Anhalt	2022/1	326.67206631898847
Sachsen-Anhalt	2022/2	24.065777369751032
Schleswig-Holstein	2001/1	315.27633712999796
Schleswig-Holstein	2001/2	297.3879848418707
Schleswig-Holstein	2001/3	273.51127189612833
Schleswig-Holstein	2001/4	311.083770807362
Schleswig-Holstein	2002/1	307.0971711605688
Schleswig-Holstein	2002/2	297.2305122584924
Schleswig-Holstein	2002/3	287.0075642129634
Schleswig-Holstein	2002/4	314.60990357065856
Schleswig-Holstein	2003/1	350.88568193595876
Schleswig-Holstein	2003/2	290.15140530461065
Schleswig-Holstein	2003/3	290.35123483500297
Schleswig-Holstein	2003/4	296.87136149165536
Schleswig-Holstein	2004/1	308.2487049034265
Schleswig-Holstein	2004/2	285.40868500042
Schleswig-Holstein	2004/3	281.46109409892637
Schleswig-Holstein	2004/4	294.34575262707557
Schleswig-Holstein	2005/1	313.7822628135028
Schleswig-Holstein	2005/2	272.84624852798515
Schleswig-Holstein	2005/3	257.74522755032586
Schleswig-Holstein	2005/4	283.578923958434
Schleswig-Holstein	2006/1	294.3531409019255
Schleswig-Holstein	2006/2	274.68391425848864
Schleswig-Holstein	2006/3	264.1782084760897
Schleswig-Holstein	2006/4	270.1950257618047
Schleswig-Holstein	2007/1	289.80114897526545
Schleswig-Holstein	2007/2	262.5061211770886
Schleswig-Holstein	2007/3	253.20718660453923
Schleswig-Holstein	2007/4	280.5256785081188
Schleswig-Holstein	2008/1	291.02200378450874
Schleswig-Holstein	2008/2	271.16267516434567
Schleswig-Holstein	2008/3	250.865957242561
Schleswig-Holstein	2008/4	282.78907876445044
Schleswig-Holstein	2009/1	311.9010309776627
Schleswig-Holstein	2009/2	255.451856538186
Schleswig-Holstein	2009/3	253.5648648754039
Schleswig-Holstein	2009/4	266.01343139332454
Schleswig-Holstein	2010/1	281.56234578836865
Schleswig-Holstein	2010/2	261.5961496858562
Schleswig-Holstein	2010/3	257.2131207203617
Schleswig-Holstein	2010/4	271.5069224390488
Schleswig-Holstein	2011/1	284.75382566097664
Schleswig-Holstein	2011/2	257.25463872795575
Schleswig-Holstein	2011/3	246.13857916194075
Schleswig-Holstein	2011/4	278.9419785576925
Schleswig-Holstein	2012/1	273.6034265183493
Schleswig-Holstein	2012/2	260.23998774637175
Schleswig-Holstein	2012/3	248.73712298509588
Schleswig-Holstein	2012/4	276.6845319125158
Schleswig-Holstein	2013/1	316.27228040065853
Schleswig-Holstein	2013/2	264.6650379953759
Schleswig-Holstein	2013/3	241.59762146052833
Schleswig-Holstein	2013/4	255.83066020921459
Schleswig-Holstein	2014/1	265.0292641362327
Schleswig-Holstein	2014/2	245.37432572441102
Schleswig-Holstein	2014/3	246.5073155046901
Schleswig-Holstein	2014/4	258.79647474441936
Schleswig-Holstein	2015/1	295.9537952143238
Schleswig-Holstein	2015/2	259.2120529273431
Schleswig-Holstein	2015/3	242.89112769368862
Schleswig-Holstein	2015/4	261.4289464054583
Schleswig-Holstein	2016/1	286.9465564179652
Schleswig-Holstein	2016/2	251.4884235599063
Schleswig-Holstein	2016/3	238.2046372185044
Schleswig-Holstein	2016/4	266.475176224542
Schleswig-Holstein	2017/1	301.60866832076414
Schleswig-Holstein	2017/2	250.16710131640482
Schleswig-Holstein	2017/3	240.0614508460205
Schleswig-Holstein	2017/4	260.7477437548467
Schleswig-Holstein	2018/1	324.1887577222628
Schleswig-Holstein	2018/2	255.24389729643815
Schleswig-Holstein	2018/3	251.46415173467008
Schleswig-Holstein	2018/4	258.50217155098443
Schleswig-Holstein	2019/1	278.77362051779056
Schleswig-Holstein	2019/2	248.05100799926447
Schleswig-Holstein	2019/3	243.87259392500863
Schleswig-Holstein	2019/4	263.71701273670243
Schleswig-Holstein	2020/1	271.14264412653546
Schleswig-Holstein	2020/2	243.58569743882563
Schleswig-Holstein	2020/3	242.0258257501884
Schleswig-Holstein	2020/4	257.45558751000635
Schleswig-Holstein	2021/1	283.5247431722451
Schleswig-Holstein	2021/2	254.99584221170625
Schleswig-Holstein	2021/3	246.25463543516642
Schleswig-Holstein	2021/4	280.1420914980752
Schleswig-Holstein	2022/1	285.59860649673107
Schleswig-Holstein	2022/2	22.243539743251947
Thüringen	2001/1	342.35571967769596
Thüringen	2001/2	314.14615994807536
Thüringen	2001/3	305.5924670717417
Thüringen	2001/4	323.4669926865726
Thüringen	2002/1	336.5164273601411
Thüringen	2002/2	332.6427990391889
Thüringen	2002/3	307.2858050732998
Thüringen	2002/4	342.5237023959714
Thüringen	2003/1	380.5323776946461
Thüringen	2003/2	314.85355577556646
Thüringen	2003/3	311.22511764680155
Thüringen	2003/4	321.82911852882677
Thüringen	2004/1	327.65227317634356
Thüringen	2004/2	300.090993702377
Thüringen	2004/3	298.3612836317682
Thüringen	2004/4	311.555575519791
Thüringen	2005/1	338.7325067623844
Thüringen	2005/2	296.1533333622332
Thüringen	2005/3	272.95510665152506
Thüringen	2005/4	304.8385740100686
Thüringen	2006/1	307.39417251722045
Thüringen	2006/2	292.93854565514334
Thüringen	2006/3	279.6040870630983
Thüringen	2006/4	289.8960153738634
Thüringen	2007/1	308.20611720931515
Thüringen	2007/2	285.8258766530122
Thüringen	2007/3	268.05636138620093
Thüringen	2007/4	296.7751697440203
Thüringen	2008/1	315.7317850250423
Thüringen	2008/2	284.9211606668778
Thüringen	2008/3	265.50522888473625
Thüringen	2008/4	291.1853433750464
Thüringen	2009/1	344.52817963813453
Thüringen	2009/2	279.03161929117766
Thüringen	2009/3	259.1226094091562
Thüringen	2009/4	280.00759384674717
Thüringen	2010/1	304.4140623176294
Thüringen	2010/2	273.41968142917284
Thüringen	2010/3	266.0233616158408
Thüringen	2010/4	291.31361599947166
Thüringen	2011/1	295.639624421077
Thüringen	2011/2	276.3892901532751
Thüringen	2011/3	262.40020171713564
Thüringen	2011/4	297.74567940673506
Thüringen	2012/1	295.8992846315386
Thüringen	2012/2	278.2553181874069
Thüringen	2012/3	261.7623406564955
Thüringen	2012/4	290.51831969892396
Thüringen	2013/1	313.0053019012039
Thüringen	2013/2	281.64044708269813
Thüringen	2013/3	251.98433675550137
Thüringen	2013/4	277.9306663252003
Thüringen	2014/1	283.6963941286988
Thüringen	2014/2	254.631452620262
Thüringen	2014/3	255.56645560435766
Thüringen	2014/4	278.54726040362465
Thüringen	2015/1	321.71231231135783
Thüringen	2015/2	271.4220377866096
Thüringen	2015/3	255.86848164629876
Thüringen	2015/4	270.0513501114815
Thüringen	2016/1	291.96870948091
Thüringen	2016/2	258.9973514789233
Thüringen	2016/3	245.51298506619466
Thüringen	2016/4	283.36774890954763
Thüringen	2017/1	325.534176411347
Thüringen	2017/2	261.12538446009404
Thüringen	2017/3	250.45373983957674
Thüringen	2017/4	268.73545838651
Thüringen	2018/1	334.323556923574
Thüringen	2018/2	260.6951552108724
Thüringen	2018/3	258.0388395002553
Thüringen	2018/4	262.5741707388553
Thüringen	2019/1	291.0820454887172
Thüringen	2019/2	261.6544086559694
Thüringen	2019/3	253.81118570926364
Thüringen	2019/4	267.5740761276443
Thüringen	2020/1	278.88979362715605
Thüringen	2020/2	256.89813436224523
Thüringen	2020/3	245.68623527176703
Thüringen	2020/4	302.12659070318887
Thüringen	2021/1	349.0367897911102
Thüringen	2021/2	289.37236751810076
Thüringen	2021/3	257.8900426886812
Thüringen	2021/4	367.6485371443385
Thüringen	2022/1	297.950929748349
Thüringen	2022/2	22.758170490017086
